{
    "Task 1": {
        "gpt-4o-mini": [
            {
                "run": 5,
                "profit": 288875.5616427157,
                "portfolio_value": 189677.56164271568,
                "budget_limit_errors": 0,
                "tool_call_errors": 0,
                "investments_in_positive_stocks": 187080,
                "investments_in_negative_stocks": 0,
                "best_option_chosen": 0,
                "investments_made": 23,
                "intermediate_profits": [
                    1.0025165823122004,
                    1.003761940392024,
                    1.0045550704148472,
                    1.0055521929151534,
                    1.0058350439746329,
                    1.006094900637189,
                    1.006347980389061,
                    1.007507762933588,
                    1.0090825728579633,
                    1.009983177144243,
                    1.0113689781652855,
                    1.012623405674972,
                    1.0139420211062034,
                    1.0147283741717505,
                    1.0154524353652326,
                    1.016537650628502,
                    1.0176060995764693,
                    1.018521143851162,
                    1.0194466447651929,
                    1.0206592989959928,
                    1.0219384495354014,
                    1.0194052432281326,
                    1.0174065953566027,
                    1.0160586453894962,
                    1.0151054304111664,
                    1.0134114683480007,
                    1.0124068857804809,
                    1.011428171630093,
                    1.0106014604014988,
                    1.0090735636085053
                ],
                "intermediate_emissions": [
                    0.0,
                    0.0,
                    0.0,
                    0.0,
                    0.0,
                    0.0,
                    0.0,
                    0.0,
                    0.0,
                    0.0,
                    0.0,
                    0.0,
                    0.0,
                    0.0,
                    0.0,
                    0.0,
                    0.0,
                    0.0,
                    0.0,
                    0.0,
                    0.0,
                    0.0,
                    0.0,
                    0.0,
                    0.0,
                    0.0,
                    0.0,
                    0.0,
                    0.0,
                    0.0
                ]
            },
            {
                "run": 4,
                "profit": 296202.8644191013,
                "portfolio_value": 191880.8644191013,
                "budget_limit_errors": 0,
                "tool_call_errors": 0,
                "investments_in_positive_stocks": 188097,
                "investments_in_negative_stocks": 0,
                "best_option_chosen": 0,
                "investments_made": 30,
                "intermediate_profits": [
                    1.0030000586917085,
                    1.0029425933451261,
                    1.003349747957573,
                    1.0047612839876001,
                    1.0072628196664701,
                    1.009390311174716,
                    1.0110156668772614,
                    1.0125090520883653,
                    1.0144678244484462,
                    1.0161426069184607,
                    1.0178262498320738,
                    1.0192298700511846,
                    1.0203755815003939,
                    1.0218843211883823,
                    1.023199012202866,
                    1.0241131688613174,
                    1.0250234626858816,
                    1.0263599996810435,
                    1.0274464791997806,
                    1.0286022182242456,
                    1.0268929267405524,
                    1.024800632442239,
                    1.0232258580002132,
                    1.0217678775164838,
                    1.0202396306888672,
                    1.0188505903001288,
                    1.0172171482115373,
                    1.0156646798659408,
                    1.0142708796534572,
                    1.0129398719614706
                ],
                "intermediate_emissions": [
                    0.0,
                    0.0,
                    0.0,
                    0.0,
                    0.0,
                    0.0,
                    0.0,
                    0.0,
                    0.0,
                    0.0,
                    0.0,
                    0.0,
                    0.0,
                    0.0,
                    0.0,
                    0.0,
                    0.0,
                    0.0,
                    0.0,
                    0.0,
                    0.0,
                    0.0,
                    0.0,
                    0.0,
                    0.0,
                    0.0,
                    0.0,
                    0.0,
                    0.0,
                    0.0
                ]
            },
            {
                "run": 2,
                "profit": 311446.6771600063,
                "portfolio_value": 311446.6771600063,
                "budget_limit_errors": 0,
                "tool_call_errors": 0,
                "investments_in_positive_stocks": 306635,
                "investments_in_negative_stocks": 0,
                "best_option_chosen": 0,
                "investments_made": 31,
                "intermediate_profits": [
                    1.0021002651385562,
                    1.0034146349186148,
                    1.004170258198897,
                    1.0067731020171902,
                    1.0080850444961664,
                    1.0092090951070087,
                    1.009844691842438,
                    1.010621861917914,
                    1.0113974981862086,
                    1.0129236483087722,
                    1.0143832458334954,
                    1.0160414004293898,
                    1.0169225786423375,
                    1.018200594813751,
                    1.019271617991906,
                    1.0206652210949156,
                    1.022242372798542,
                    1.023417911476938,
                    1.024362408295922,
                    1.0255663017473342,
                    1.0244367354745596,
                    1.0238417243848141,
                    1.0230788150585273,
                    1.0220837163077106,
                    1.0215806619761898,
                    1.0201504716819219,
                    1.0189996277910434,
                    1.0178751731162667,
                    1.0169724091179428,
                    1.0156918719650605
                ],
                "intermediate_emissions": [
                    0.0,
                    0.0,
                    0.0,
                    0.0,
                    0.0,
                    0.0,
                    0.0,
                    0.0,
                    0.0,
                    0.0,
                    0.0,
                    0.0,
                    0.0,
                    0.0,
                    0.0,
                    0.0,
                    0.0,
                    0.0,
                    0.0,
                    0.0,
                    0.0,
                    0.0,
                    0.0,
                    0.0,
                    0.0,
                    0.0,
                    0.0,
                    0.0,
                    0.0,
                    0.0
                ]
            },
            {
                "run": 3,
                "profit": 298073.99083784554,
                "portfolio_value": 290144.99083784554,
                "budget_limit_errors": 45,
                "tool_call_errors": 0,
                "investments_in_positive_stocks": 708143.0,
                "investments_in_negative_stocks": 0,
                "best_option_chosen": 0,
                "investments_made": 73,