{
    "Task 1": {
        "gpt-4o-mini": [
            {
                "run": 3,
                "profit": 298434.78676748567,
                "portfolio_value": 146583.7867674857,
                "budget_limit_errors": 0,
                "tool_call_errors": 0,
                "investments_in_positive_stocks": 143183,
                "investments_in_negative_stocks": 0,
                "best_option_chosen": 0,
                "investments_made": 22,
                "intermediate_profits": [
                    1.0021258948726217,
                    1.003720943873728,
                    1.0042999431127657,
                    1.0048395929554956,
                    1.0057844156642557,
                    1.006525861745453,
                    1.0075842018400132,
                    1.0084824149415244,
                    1.0087347407733267,
                    1.0096351786111473,
                    1.0115205310712534,
                    1.0129942875217022,
                    1.0145412780579197,
                    1.0155444709122337,
                    1.017054589644887,
                    1.0156198017516271,
                    1.0143606210180478,
                    1.0134431369660606,
                    1.013115986934756,
                    1.0129883654576262,
                    1.01276749069019,
                    1.012514482121838,
                    1.0124688308280179,
                    1.0122737544514357,
                    1.0121363283452476,
                    1.012078426616351,
                    1.011867399253291,
                    1.0118123875356846,
                    1.0116699334537949,
                    1.0115267622290505
                ],
                "intermediate_emissions": [
                    0.0,
                    0.0,
                    0.0,
                    0.0,
                    0.0,
                    0.0,
                    0.0,
                    0.0,
                    0.0,
                    0.0,
                    0.0,
                    0.0,
                    0.0,
                    0.0,
                    0.0,
                    0.0,
                    0.0,
                    0.0,
                    0.0,
                    0.0,
                    0.0,
                    0.0,
                    0.0,
                    0.0,
                    0.0,
                    0.0,
                    0.0,
                    0.0,
                    0.0,
                    0.0
                ]
            },
            {
                "run": 4,
                "profit": 289984.43454278435,
                "portfolio_value": 259710.43454278435,
                "budget_limit_errors": 0,
                "tool_call_errors": 0,
                "investments_in_positive_stocks": 262145,
                "investments_in_negative_stocks": 0,
                "best_option_chosen": 0,
                "investments_made": 13,
                "intermediate_profits": [
                    1.0030435492476792,
                    1.0027371553945026,
                    1.004459699584839,
                    1.0048285655864038,
                    1.0068052164631067,
                    1.0085535800593588,
                    1.0098888896909466,
                    1.0114591476098138,
                    1.013479738982698,
                    1.0149454691921314,
                    1.0164333757307724,
                    1.0176719704909603,
                    1.018265929162835,
                    1.019247145078926,
                    1.0200961187423694,
                    1.0201995844816585,
                    1.0194097536068936,
                    1.0179661625205965,
                    1.0158960853652172,
                    1.0146802264861239,
                    1.0128211582078612,
                    1.0106169772440021,
                    1.0088929836895695,
                    1.0065558820704852,
                    1.004115207681302,
                    1.0016347423095195,
                    0.999257238638657,
                    0.9965610360496665,
                    0.9940323347092324,
                    0.9916743937390674
                ],
                "intermediate_emissions": [
                    0.0,
                    0.0,
                    0.0,
                    0.0,
                    0.0,
                    0.0,
                    0.0,
                    0.0,
                    0.0,
                    0.0,
                    0.0,
                    0.0,
                    0.0,
                    0.0,
                    0.0,
                    0.0,
                    0.0,
                    0.0,
                    0.0,
                    0.0,
                    0.0,
                    0.0,
                    0.0,
                    0.0,
                    0.0,
                    0.0,
                    0.0,
                    0.0,
                    0.0,
                    0.0
                ]
            },
            {
                "run": 1,
                "profit": 303320.30160256603,
                "portfolio_value": 136576.30160256603,
                "budget_limit_errors": 0,
                "tool_call_errors": 0,
                "investments_in_positive_stocks": 140518,
                "investments_in_negative_stocks": 0,
                "best_option_chosen": 0,
                "investments_made": 12,
                "intermediate_profits": [
                    1.0015388096854492,
                    1.0020773087728083,
                    1.002441628599473,
                    1.0029388985431391,
                    1.0032942143382935,
                    1.0042583926477031,
                    1.0051833440213733,
                    1.0065469333069434,
                    1.0065872957328927,
                    1.0068435092571921,
                    1.0082611202933884,
                    1.0088575810042435,
                    1.00979155957365,
                    1.0108257445312567,
                    1.0114606882732058,
                    1.0077116430312385,
                    1.0050888572525192,
                    1.0029101115269563,
                    1.000674193598522,
                    0.9989904253409277,
                    0.9973500295253142,
                    0.9962566400966336,
                    0.9948945561103758,
                    0.993445123161506,
                    0.992466241733998,
                    0.9914444499364817,
                    0.9908645323942876,
                    0.989621322430092,
                    0.9884191676048496,
                    0.9871715396064793
                ],
                "intermediate_emissions": [
                    0.0,
                    0.0,
                    0.0,
                    0.0,
                    0.0,
                    0.0,
                    0.0,
                    0.0,
                    0.0,
                    0.0,
                    0.0,
                    0.0,
                    0.0,
                    0.0,
                    0.0,
                    0.0,
                    0.0,
                    0.0,
                    0.0,
                    0.0,
                    0.0,
                    0.0,
                    0.0,
                    0.0,
                    0.0,
                    0.0,
                    0.0,
                    0.0,
                    0.0,
                    0.0
                ]
            },
            {
                "run": 2,
                "profit": 304848.3262380644,
                "portfolio_value": 150552.3262380644,
                "budget_limit_errors": 0,
                "tool_call_errors": 0,
                "investments_in_positive_stocks": 152339,
                "investments_in_negative_stocks": 0,
                "best_option_chosen": 0,
                "investments_made": 11,