{
    "Task 1": {
        "gpt-4o-mini": [
            {
                "run": 3,
                "profit": 298837.54065965913,
                "portfolio_value": 89272.64065965913,
                "budget_limit_errors": 0,
                "tool_call_errors": 0,
                "investments_in_positive_stocks": 87963.45999999999,
                "investments_in_negative_stocks": 38950,
                "best_option_chosen": 2,
                "investments_made": 12,
                "intermediate_profits": [
                    1.03635,
                    1.0181296690463737,
                    1.047294904206159,
                    1.0656670980331542,
                    1.0538784866422353,
                    1.046685545195682,
                    1.0411379431167789,
                    1.0374469445678738,
                    1.034372719058212,
                    1.0329675096168793,
                    1.032055309056105,
                    1.0309859906751957,
                    1.0308046770568047,
                    1.0301922328611162,
                    1.030345908490097,
                    1.028650037774558,
                    1.026858064336356,
                    1.0256926664143264,
                    1.0246577552074372,
                    1.0233511658414791,
                    1.0219032362186804,
                    1.0205052772739747,
                    1.0195315869767498,
                    1.0184330873079401,
                    1.0174665632510083,
                    1.0165839404104737,
                    1.0158286555557443,
                    1.0148007531888807,
                    1.0138134603293394,
                    1.0128918723254239
                ],
                "intermediate_emissions": [
                    1.0,
                    1.0,
                    1.0,
                    1.0,
                    2.7088651473110084e-07,
                    2.7934074301171077e-07,
                    2.8828242544986216e-07,
                    2.9751033058569687e-07,
                    3.068781078774743e-07,
                    1.1988659596585042e-07,
                    7.619630993296124e-08,
                    7.858352821751963e-08,
                    8.104540940461007e-08,
                    8.35795026537527e-08,
                    7.651121959234014e-08,
                    7.907254285170779e-08,
                    8.176661037686929e-08,
                    8.45001625390139e-08,
                    8.736624329880904e-08,
                    9.04049226128343e-08,
                    9.356413022799345e-08,
                    9.675620037828955e-08,
                    1.0005649166800736e-07,
                    1.0345870796936505e-07,
                    1.0698289163550152e-07,
                    1.1065408675563427e-07,
                    1.1440455099140486e-07,
                    1.18418617543833e-07,
                    1.225806330584115e-07,
                    1.2688283344396024e-07
                ]
            },
            {
                "run": 1,
                "profit": 354871.084454253,
                "portfolio_value": 121314.08445425302,
                "budget_limit_errors": 0,
                "tool_call_errors": 0,
                "investments_in_positive_stocks": 38836,
                "investments_in_negative_stocks": 34869,
                "best_option_chosen": 4,
                "investments_made": 24,
                "intermediate_profits": [
                    1.0310506109979634,
                    1.0413319861377672,
                    1.0541161721983228,
                    1.072903995879181,
                    1.0865921732017056,
                    1.0915387257630609,
                    1.0951327270267124,
                    1.097693637345842,
                    1.0995991137809797,
                    1.104864189606869,
                    1.1065328890022348,
                    1.110162316076099,
                    1.1122987972949487,
                    1.1170143244282393,
                    1.120883800280382,
                    1.122437363407446,
                    1.123989663743385,
                    1.1273194285692651,
                    1.1286753564820973,
                    1.1309047415164515,
                    1.1332185836365565,
                    1.1361454972919673,
                    1.138186257760975,
                    1.1406955404519425,
                    1.1428781651601876,
                    1.1447240995325312,
                    1.147734999294434,
                    1.1502978407898872,
                    1.1535557917668353,
                    1.1549462167604618
                ],
                "intermediate_emissions": [
                    1.0,
                    0.8315999449235927,
                    0.8972194304123841,
                    0.9222648051396951,
                    0.9242858166822508,
                    0.9261913259807666,
                    0.7736205322006546,
                    0.7374190623392768,
                    0.645296013160596,
                    0.6512522515997067,
                    0.6303231226862976,
                    0.589246682471775,
                    0.5550714751170157,
                    0.5614943547697419,
                    0.56785184516656,
                    0.5745063032177923,
                    0.5812524422919839,
                    0.5878625471061553,
                    0.5943759407812627,
                    0.6009099578134496,
                    0.6077330126082955,
                    0.6144624077608807,
                    0.6213355872913541,
                    0.627790278540135,
                    0.6341350896930806,
                    0.6404264433037297,
                    0.6467446957678181,
                    0.6530045800195081,
                    0.6592114411938841,
                    0.6657299909790714
                ]
            },
            {
                "run": 4,
                "profit": 324463.85708352143,
                "portfolio_value": 93270.85708352146,
                "budget_limit_errors": 0,
                "tool_call_errors": 0,
                "investments_in_positive_stocks": 37484,
                "investments_in_negative_stocks": 23742,
                "best_option_chosen": 4,
                "investments_made": 13,
                "intermediate_profits": [
                    1.0188095240636004,
                    1.0167696874938916,
                    1.0270906771464974,
                    1.036442789893667,
                    1.0447391465738312,
                    1.0535307839973946,
                    1.0606317737674573,
                    1.0645499367538698,
                    1.068636938906896,
                    1.0717066877211456,
                    1.0757754185349486,
                    1.0793068143677744,
                    1.0807531470877825,
                    1.0842786326022609,
                    1.0875034462656223,
                    1.0895524652610875,
                    1.0902489442320489,
                    1.0916698378207155,
                    1.0928056246529791,
                    1.0938453127908516,
                    1.0949323209061275,
                    1.0954429766013172,
                    1.0965989882906313,
                    1.0979555173265325,
                    1.0990447212628647,
                    1.1011224014382348,
                    1.1031312179293071,
                    1.1050702372418373,
                    1.1074153806966367,
                    1.1095854136821528
                ],