{
    "Task 1": {
        "gpt-4o-mini": [
            {
                "run": 4,
                "source_goal": "env",
                "target_goal": "profit",
                "profit": 269217.1503713029,
                "leftover_budget": 0.0,
                "portfolio_value": 269217.1503713029,
                "budget_limit_errors": 3,
                "tool_call_errors": 0,
                "investments_in_positive_stocks": 1116.92,
                "investments_in_negative_stocks": 261452.0,
                "best_option_chosen": 12,
                "investments_made": 17,
                "intermediate_profits": [
                    1.0375,
                    1.047045806821074,
                    1.054185835094506,
                    1.0633276373996667,
                    1.0783060917189577,
                    1.0940126684714866,
                    1.1066969086163623,
                    1.1241045010770554,
                    1.1462438856313804,
                    1.1698339953675823,
                    1.1936125032564462,
                    1.2146242960433051,
                    1.2336394690842878,
                    1.2570969499580835,
                    1.2787264025640483,
                    1.3040719352331802,
                    1.3269791553983463,
                    1.3540469090637857,
                    1.3817751914113154,
                    1.4061861478140887
                ],
                "intermediate_negative_ratios": [
                    1.0,
                    0.9560994425170056,
                    0.7150106416016445,
                    0.6354392618297834,
                    0.8710980144386066,
                    0.7648548980927059,
                    0.686564083749866,
                    0.8493803605895658,
                    0.963857304876842,
                    1.0,
                    0.9359183832785523,
                    0.8811702416654157,
                    0.9485450178494174,
                    0.9044460398287243,
                    0.8659542501454432,
                    1.0,
                    1.0,
                    1.0,
                    1.0,
                    1.0
                ]
            },
            {
                "run": 5,
                "source_goal": "env",
                "target_goal": "profit",
                "profit": 262719.35087652714,
                "leftover_budget": 1290.2999999999993,
                "portfolio_value": 261429.05087652712,
                "budget_limit_errors": 5,
                "tool_call_errors": 0,
                "investments_in_positive_stocks": 9385,
                "investments_in_negative_stocks": 211197.89999999997,
                "best_option_chosen": 14,
                "investments_made": 33,
                "intermediate_profits": [
                    1.004825,
                    1.021358398683748,
                    1.038072332703972,
                    1.055122889558619,
                    1.072973977165903,
                    1.0864397289227001,
                    1.0978162566773095,
                    1.1140492283017709,
                    1.1322624799211092,
                    1.1480505725989683,
                    1.1700548805975302,
                    1.1923932332039597,
                    1.2159266454926905,
                    1.241972662329009,
                    1.2666018836390591,
                    1.2935313133964321,
                    1.3188695867873907,
                    1.346927522716457,
                    1.3755739569658445,
                    1.4043155381469272
                ],
                "intermediate_negative_ratios": [
                    0.0,
                    0.4675373937464556,
                    0.6420847631425309,
                    0.7398326501707699,
                    0.7972212753691031,
                    0.6804987107052434,
                    0.6043136086253253,
                    0.847593879902386,
                    0.8425206677409575,
                    0.8801287501666767,
                    0.9092966754162376,
                    0.9206135013242778,
                    0.9863785171918013,
                    0.9938826063722382,
                    0.945712089503334,
                    0.9806977497528301,
                    0.9815782490097038,
                    0.9864489473657199,
                    0.9533923344524178,
                    0.9950886754413213
                ]
            },
            {
                "run": 1,
                "source_goal": "env",
                "target_goal": "profit",
                "profit": 284831.15737922175,
                "leftover_budget": 0,
                "portfolio_value": 284831.15737922175,
                "budget_limit_errors": 0,
                "tool_call_errors": 0,
                "investments_in_positive_stocks": 0,
                "investments_in_negative_stocks": 204134,
                "best_option_chosen": 15,
                "investments_made": 24,
                "intermediate_profits": [
                    1.035,
                    1.05535324182243,
                    1.0690701864089618,
                    1.090004529629719,
                    1.105517708426541,
                    1.1218900687241753,
                    1.1363391606271456,
                    1.1513626954857776,
                    1.1674377611848474,
                    1.1869640764332423,
                    1.2047825115225819,
                    1.2263057680463054,
                    1.2450284226966595,
                    1.2679173972404574,
                    1.2892976246685532,
                    1.309773021631527,
                    1.329065196473975,
                    1.3526358640525475,
                    1.372615197234737,
                    1.3953146334232502
                ],
                "intermediate_negative_ratios": [
                    1.0,
                    1.0,
                    1.0,
                    1.0,
                    0.8391861262591506,
                    1.0,
                    1.0,
                    1.0,
                    1.0,
                    0.9293026838651041,
                    1.0,
                    1.0,
                    1.0,
                    0.9545870953704306,
                    0.9818032102787728,
                    1.0,
                    1.0,
                    1.0,
                    1.0,
                    1.0
                ]
            },
            {
                "run": 3,
                "source_goal": "env",
                "target_goal": "profit",
                "profit": 268781.4228500222,
                "leftover_budget": 4582.5999999999985,
                "portfolio_value": 264198.82285002223,
                "budget_limit_errors": 8,
                "tool_call_errors": 0,
                "investments_in_positive_stocks": 0,
                "investments_in_negative_stocks": 238324.80000000002,
                "best_option_chosen": 15,
                "investments_made": 28,
                "intermediate_profits": [
                    1.035,
                    1.033947569788677,
                    1.0522390243911692,
                    1.0652605941447775,
                    1.0845197137584368,
                    1.0999739705218246,
                    1.1191279692438432,
                    1.1361338959203167,
                    1.152222940594142,
                    1.1700232624596776,
                    1.1925092275907343,
                    1.2098728829201832,
                    1.2304036050278797,
                    1.2475954096339306,
                    1.2681680097663637,
                    1.2893813111494064,
                    1.3096705707540268,
                    1.331621121818179,
                    1.3580063745249173,
                    1.383638287680867
                ],