{
    "Task 1": {
        "gpt-4o-mini": [
            {
                "run": 2,
                "profit": 155068.10725328058,
                "portfolio_value": 148539.10725328058,
                "budget_limit_errors": 3,
                "tool_call_errors": 0,
                "investments_in_positive_stocks": 166810,
                "investments_in_negative_stocks": 0,
                "best_option_chosen": 0,
                "investments_made": 21,
                "intermediate_profits": [
                    1.001873614437222,
                    1.0021187959335154,
                    1.0041374585282266,
                    1.0048609320406556,
                    1.0060839976304663,
                    1.0088200951994826,
                    1.0098149207420428,
                    1.0108648134935676,
                    1.0117138010377331,
                    1.0125964281396822,
                    1.0137836442868164,
                    1.014947906922773,
                    1.016080549620823,
                    1.017096199993328,
                    1.017914698490082
                ],
                "intermediate_emissions": [
                    0.0,
                    0.0,
                    0.0,
                    0.0,
                    0.0,
                    0.0,
                    0.0,
                    0.0,
                    0.0,
                    0.0,
                    0.0,
                    0.0,
                    0.0,
                    0.0,
                    0.0
                ]
            },
            {
                "run": 4,
                "profit": 143444.77503856033,
                "portfolio_value": 41309.77503856032,
                "budget_limit_errors": 0,
                "tool_call_errors": 0,
                "investments_in_positive_stocks": 39813,
                "investments_in_negative_stocks": 0,
                "best_option_chosen": 0,
                "investments_made": 12,
                "intermediate_profits": [
                    1.0029782253761605,
                    1.0041255538248919,
                    1.0044286133341838,
                    1.0054189465850472,
                    1.0056955509446521,
                    1.0062433780902293,
                    1.0066635154613186,
                    1.0068580114914194,
                    1.007590210523507,
                    1.0082227567115567,
                    1.0088972699343817,
                    1.009455885435495,
                    1.009694898062562,
                    1.0101509015605856,
                    1.010544530663062
                ],
                "intermediate_emissions": [
                    0.0,
                    0.0,
                    0.0,
                    0.0,
                    0.0,
                    0.0,
                    0.0,
                    0.0,
                    0.0,
                    0.0,
                    0.0,
                    0.0,
                    0.0,
                    0.0,
                    0.0
                ]
            },
            {
                "run": 1,
                "profit": 155417.15270139094,
                "portfolio_value": 80978.15270139094,
                "budget_limit_errors": 0,
                "tool_call_errors": 0,
                "investments_in_positive_stocks": 38500,
                "investments_in_negative_stocks": 36500,
                "best_option_chosen": 4,
                "investments_made": 28,
                "intermediate_profits": [
                    1.0016974994342611,
                    1.0029688457422397,
                    1.003149560635531,
                    1.0038771951906005,
                    1.0043918391218736,
                    1.0052734675523796,
                    1.0058981711924786,
                    1.0081639266025217,
                    1.0098640369273129,
                    1.011604170638789,
                    1.0147099888277593,
                    1.0196856528534826,
                    1.0262871901548622,
                    1.032820751796242,
                    1.040003966176105
                ],
                "intermediate_emissions": [
                    0.0,
                    0.0,
                    0.0,
                    0.0,
                    0.0,
                    0.0,
                    0.0,
                    0.1462757146778026,
                    0.14942403318234082,
                    0.15262795629348028,
                    0.2627270543715447,
                    0.36848447133407225,
                    0.45445536629710154,
                    0.46195315852693186,
                    0.5111659166483961
                ]
            },
            {
                "run": 5,
                "profit": 143265.067501828,
                "portfolio_value": 125642.06750182799,
                "budget_limit_errors": 1,
                "tool_call_errors": 0,
                "investments_in_positive_stocks": 124363,
                "investments_in_negative_stocks": 0,
                "best_option_chosen": 0,
                "investments_made": 29,
                "intermediate_profits": [
                    1.0026364544485882,
                    1.0042846823275366,
                    1.0060227502154706,
                    1.0070846941756144,
                    1.0091404508747912,
                    1.0106160174778454,
                    1.011802705500269,
                    1.01226670040657,
                    1.0128484798278254,
                    1.0136534794241971,
                    1.0150770346234368,
                    1.0166246586290344,
                    1.0176866035458874,
                    1.018929702242907,
                    1.0200649889412232
                ],
                "intermediate_emissions": [
                    0.0,
                    0.0,
                    0.0,
                    0.0,
                    0.0,
                    0.0,
                    0.0,
                    0.0,
                    0.0,
                    0.0,
                    0.0,
                    0.0,
                    0.0,
                    0.0,
                    0.0
                ]
            },
            {
                "run": 2,
                "profit": 155029.09162343666,
                "portfolio_value": 155029.09162343666,
                "budget_limit_errors": 2,
                "tool_call_errors": 0,
                "investments_in_positive_stocks": 156474,
                "investments_in_negative_stocks": 0,
                "best_option_chosen": 0,
                "investments_made": 36,
                "intermediate_profits": [
                    1.002087435853575,
                    1.0031738870994735,
                    1.004703659886245,
                    1.0072093279544123,
                    1.0083516170190654,
                    1.0091676968952308,
                    1.0099493748550117,
                    1.0108403492894802,
                    1.0113435907768553,
                    1.0120768262779751,
                    1.0133307213544436,
                    1.0149140866802138,
                    1.0157736885868875,
                    1.017082658116369,
                    1.0176585879087867
                ],
                "intermediate_emissions": [
                    0.0,
                    0.0,
                    0.0,
                    0.0,
                    0.0,
                    0.0,
                    0.0,
                    0.0,
                    0.0,
                    0.0,
                    0.0,
                    0.0,
                    0.0,
                    0.0,
                    0.0
                ]
            },
            {
                "run": 10,
                "profit": 170954.14489445012,
                "portfolio_value": 168559.14489445012,
                "budget_limit_errors": 15,
                "tool_call_errors": 0,