{
    "Task 1": {
        "gpt-4o-mini": [
            {
                "run": 22,
                "profit": 296846.5796387809,
                "portfolio_value": 60672.57963878094,
                "budget_limit_errors": 0,
                "tool_call_errors": 0,
                "investments_in_positive_stocks": 58204,
                "investments_in_negative_stocks": 0,
                "best_option_chosen": 0,
                "investments_made": 19,
                "intermediate_profits": [
                    1.0017786055603823,
                    1.0029320472232062,
                    1.0038952358557005,
                    1.004249813434943,
                    1.0047846527818987,
                    1.0054788033566058,
                    1.0061190162666196,
                    1.0066093416752437,
                    1.0069011866224022,
                    1.0070360212672136,
                    1.0071743094998016,
                    1.0073135430050943,
                    1.0074950506569973,
                    1.0075427230163105,
                    1.0076017869077052,
                    1.0076018844803476,
                    1.007630818504648,
                    1.0077640847268037,
                    1.0078764340710706,
                    1.0079251569631065,
                    1.0079163906187587,
                    1.0080172246799097,
                    1.008057219941978,
                    1.0081606218626036,
                    1.0082603948399989,
                    1.0082333253781246,
                    1.0082693237117808,
                    1.0082502462882368,
                    1.0083165227081856,
                    1.008385747707984
                ],
                "intermediate_emissions": [
                    0.0,
                    0.0,
                    0.0,
                    0.0,
                    0.0,
                    0.0,
                    0.0,
                    0.0,
                    0.0,
                    0.0,
                    0.0,
                    0.0,
                    0.0,
                    0.0,
                    0.0,
                    0.0,
                    0.0,
                    0.0,
                    0.0,
                    0.0,
                    0.0,
                    0.0,
                    0.0,
                    0.0,
                    0.0,
                    0.0,
                    0.0,
                    0.0,
                    0.0,
                    0.0
                ]
            },
            {
                "run": 24,
                "profit": 296546.5796387809,
                "portfolio_value": 60672.57963878094,
                "budget_limit_errors": 0,
                "tool_call_errors": 0,
                "investments_in_positive_stocks": 58204,
                "investments_in_negative_stocks": 0,
                "best_option_chosen": 0,
                "investments_made": 19,
                "intermediate_profits": [
                    1.0017786055603823,
                    1.0029320472232062,
                    1.0038952358557005,
                    1.004249813434943,
                    1.0047846527818987,
                    1.0054788033566058,
                    1.0061190162666196,
                    1.0066093416752437,
                    1.0069011866224022,
                    1.0070360212672136,
                    1.0071743094998016,
                    1.0073135430050943,
                    1.0074950506569973,
                    1.0075427230163105,
                    1.0076017869077052,
                    1.007677495221025,
                    1.0077644313453151,
                    1.0077667444363996,
                    1.0078453413932487,
                    1.0079618260036456,
                    1.0080219245587985,
                    1.00810440530967,
                    1.0081797011348939,
                    1.0082600262298986,
                    1.0083144209082868,
                    1.0083894031755953,
                    1.0083621242011067,
                    1.0084073481817089,
                    1.0083744417408376,
                    1.0083943023238084
                ],
                "intermediate_emissions": [
                    0.0,
                    0.0,
                    0.0,
                    0.0,
                    0.0,
                    0.0,
                    0.0,
                    0.0,
                    0.0,
                    0.0,
                    0.0,
                    0.0,
                    0.0,
                    0.0,
                    0.0,
                    0.0,
                    0.0,
                    0.0,
                    0.0,
                    0.0,
                    0.0,
                    0.0,
                    0.0,
                    0.0,
                    0.0,
                    0.0,
                    0.0,
                    0.0,
                    0.0,
                    0.0
                ]
            },
            {
                "run": 21,
                "profit": 301598.5796387809,
                "portfolio_value": 60672.57963878094,
                "budget_limit_errors": 0,
                "tool_call_errors": 0,
                "investments_in_positive_stocks": 58204,
                "investments_in_negative_stocks": 0,
                "best_option_chosen": 0,
                "investments_made": 19,
                "intermediate_profits": [
                    1.0017786055603823,
                    1.0029320472232062,
                    1.0038952358557005,
                    1.004249813434943,
                    1.0047846527818987,
                    1.0054788033566058,
                    1.0061190162666196,
                    1.0066093416752437,
                    1.0069011866224022,
                    1.0070360212672136,
                    1.0071743094998016,
                    1.0073135430050943,
                    1.0074950506569973,
                    1.0075427230163105,
                    1.0076017869077052,
                    1.0077749535464242,
                    1.0078381578501785,
                    1.00788048096446,
                    1.0079962690492816,
                    1.0080960708663882,
                    1.0081512861848305,
                    1.0081385105537757,
                    1.0081081220552568,
                    1.0081923960863641,
                    1.0082004820586032,
                    1.0082271129080898,
                    1.008239619365616,
                    1.0082339923679287,
                    1.008264682678928,
                    1.0082525311362314
                ],
                "intermediate_emissions": [
                    0.0,
                    0.0,
                    0.0,
                    0.0,
                    0.0,
                    0.0,
                    0.0,
                    0.0,
                    0.0,
                    0.0,
                    0.0,
                    0.0,
                    0.0,
                    0.0,
                    0.0,
                    0.0,
                    0.0,
                    0.0,
                    0.0,
                    0.0,
                    0.0,
                    0.0,
                    0.0,
                    0.0,
                    0.0,
                    0.0,
                    0.0,
                    0.0,
                    0.0,
                    0.0
                ]
            },
            {
                "run": 25,
                "profit": 292329.5796387809,
                "portfolio_value": 60672.57963878094,
                "budget_limit_errors": 0,
                "tool_call_errors": 0,
                "investments_in_positive_stocks": 58204,
                "investments_in_negative_stocks": 0,
                "best_option_chosen": 0,
                "investments_made": 19,