{
    "Task 1": {
        "gpt-4o-mini": [
            {
                "run": 1,
                "profit": 29261.957646635063,
                "portfolio_value": 17779.957646635063,
                "budget_limit_errors": 0,
                "tool_call_errors": 0,
                "investments_in_positive_stocks": 17676,
                "investments_in_negative_stocks": 0,
                "best_option_chosen": 0,
                "investments_made": 6,
                "intermediate_profits": [
                    1.0017910556687033,
                    1.0031657362520863,
                    1.003565321580186
                ],
                "intermediate_emissions": [
                    0.0,
                    0.0,
                    0.0
                ]
            },
            {
                "run": 1,
                "profit": 29296.38538042957,
                "portfolio_value": 29296.38538042957,
                "budget_limit_errors": 0,
                "tool_call_errors": 0,
                "investments_in_positive_stocks": 29158,
                "investments_in_negative_stocks": 0,
                "best_option_chosen": 0,
                "investments_made": 9,
                "intermediate_profits": [
                    1.001754282643132,
                    1.0031554503326658,
                    1.004746051870141
                ],
                "intermediate_emissions": [
                    0.0,
                    0.0,
                    0.0
                ]
            },
            {
                "run": 1,
                "profit": 29278.23793424797,
                "portfolio_value": 25120.23793424797,
                "budget_limit_errors": 0,
                "tool_call_errors": 0,
                "investments_in_positive_stocks": 25000,
                "investments_in_negative_stocks": 0,
                "best_option_chosen": 0,
                "investments_made": 9,
                "intermediate_profits": [
                    1.001572754016746,
                    1.0026119447457722,
                    1.0041236687786532
                ],
                "intermediate_emissions": [
                    0.0,
                    0.0,
                    0.0
                ]
            },
            {
                "run": 1,
                "profit": 58011.55814789381,
                "portfolio_value": 48435.55814789381,
                "budget_limit_errors": 0,
                "tool_call_errors": 0,
                "investments_in_positive_stocks": 48000,
                "investments_in_negative_stocks": 0,
                "best_option_chosen": 0,
                "investments_made": 14,
                "intermediate_profits": [
                    1.001572754016746,
                    1.0026119447457722,
                    1.0041236687786532,
                    1.005480006591057,
                    1.0064161793173818,
                    1.0075649254532064
                ],
                "intermediate_emissions": [
                    0.0,
                    0.0,
                    0.0,
                    0.0,
                    0.0,
                    0.0
                ]
            }
        ]
    }
}