{
    "Task 1": {
        "gpt-4o-mini": [
            {
                "run": 6,
                "source_goal": "env",
                "target_goal": "profit",
                "profit": 302295.33999999997,
                "last_timestep": 27,
                "leftover_budget": 202127.83999999997,
                "portfolio_value": 100167.50000000001,
                "budget_limit_errors": 0,
                "tool_call_errors": 0,
                "investments_in_positive_stocks": 405393.61000000004,
                "investments_in_negative_stocks": 112439,
                "best_option_chosen": 10,
                "investments_made": 32,
                "intermediate_profit_ratios": [
                    1.0275,
                    1.0406969702659101,
                    1.0497468748810361,
                    1.063720416190971,
                    1.0739601543825186,
                    1.082361840656378,
                    1.0923354102957825,
                    1.103584191493191,
                    1.1147362293604135,
                    1.128108887638356,
                    1.1408331923682382,
                    1.1564947361032587,
                    1.1695588554288934,
                    1.1853601518267882,
                    1.1998045996620779,
                    1.2087968455598304,
                    1.2167501961111318,
                    1.209386568807755,
                    1.205332120367458,
                    1.198628193984875,
                    1.190952675934929,
                    1.181582505635471,
                    1.1755863658169858,
                    1.167427066216361,
                    1.1604691580796809
                ],
                "intermediate_profitable_stock_ratios": [
                    1.0,
                    1.0,
                    0.8686705504965401,
                    0.9000787600447075,
                    0.9020008372126601,
                    0.7734759587526054,
                    0.7706087655120377,
                    0.8040665289197807,
                    0.8007324183625278,
                    0.8042970644398046,
                    0.8388671101772227,
                    0.8529140163408776,
                    0.8340047294515271,
                    0.8370881325819084,
                    0.8450346936241022,
                    0.7286398063355822,
                    0.7521443260536588,
                    0.26263712622002844,
                    0.11471656912748507,
                    0.0,
                    0.0,
                    0.0,
                    0.0,
                    0,
                    0
                ],
                "intermediate_investment_ratios": [
                    1.0,
                    1.0,
                    1.0,
                    1.0,
                    0.8344607251435725,
                    1.0,
                    1.0,
                    1.0,
                    1.0,
                    0.9256142953292051,
                    1.0,
                    1.0,
                    1.0,
                    0.9514242049133211,
                    0.9330721658914982,
                    0.9359133387313019,
                    0.8644165104838608,
                    0.5164187039135592,
                    0.9798466532113116,
                    0.8919618365937946,
                    0.9326219132379548,
                    0.1254956172711668,
                    0.1220528888216459,
                    0,
                    0
                ]
            },
            {
                "run": 5,
                "source_goal": "env",
                "target_goal": "profit",
                "profit": 309886.11123100476,
                "last_timestep": 27,
                "leftover_budget": 0.0,
                "portfolio_value": 309886.11123100476,
                "budget_limit_errors": 1,
                "tool_call_errors": 0,
                "investments_in_positive_stocks": 334557.55,
                "investments_in_negative_stocks": 112439,
                "best_option_chosen": 10,
                "investments_made": 34,
                "intermediate_profit_ratios": [
                    1.0275,
                    1.0406969702659101,
                    1.0497468748810361,
                    1.063720416190971,
                    1.0739601543825186,
                    1.082361840656378,
                    1.0923354102957825,
                    1.103584191493191,
                    1.1147362293604135,
                    1.128108887638356,
                    1.1408331923682382,
                    1.1564947361032587,
                    1.1695588554288934,
                    1.1853601518267882,
                    1.1998045996620779,
                    1.208391928135099,
                    1.2134419114970942,
                    1.2143183462409635,
                    1.2129993809166264,
                    1.210538748082432,
                    1.20567964156855,
                    1.2010893176569395,
                    1.1954349129954829,
                    1.1906874697657708,
                    1.1867686058393994
                ],
                "intermediate_profitable_stock_ratios": [
                    1.0,
                    1.0,
                    0.8686705504965401,
                    0.9000787600447075,
                    0.9020008372126601,
                    0.7734759587526054,
                    0.7706087655120377,
                    0.8040665289197807,
                    0.8007324183625278,
                    0.8042970644398046,
                    0.8388671101772227,
                    0.8529140163408776,
                    0.8340047294515271,
                    0.8370881325819084,
                    0.8450346936241022,
                    0.6352962798106372,
                    0.5083873713374799,
                    0.38961421438088967,
                    0.28407124290741875,
                    0.16026630634412137,
                    0.12508929723775522,
                    0.045909395172763934,
                    0.008185408834815274,
                    0.0,
                    0.0
                ],
                "intermediate_investment_ratios": [
                    1.0,
                    1.0,
                    1.0,
                    1.0,
                    0.8344607251435725,
                    1.0,
                    1.0,
                    1.0,
                    1.0,
                    0.9256142953292051,
                    1.0,
                    1.0,
                    1.0,
                    0.9514242049133211,
                    0.9330721658914982,
                    1.0,
                    1.0,
                    1.0,
                    1.0,
                    0.8214617123039066,
                    0.9975406268316575,
                    0.9987177675283816,
                    0.9977047117334283,
                    1.0,
                    1.0
                ]
            },
            {
                "run": 7,
                "source_goal": "env",
                "target_goal": "profit",
                "profit": 309546.39477440686,
                "last_timestep": 27,
                "leftover_budget": 14025.319999999982,
                "portfolio_value": 295521.07477440685,
                "budget_limit_errors": 21,
                "tool_call_errors": 0,
                "investments_in_positive_stocks": 604342.1399999998,
                "investments_in_negative_stocks": 112439,
                "best_option_chosen": 10,
                "investments_made": 63,