{
    "Task 1": {
        "gpt-4o-mini": [
            {
                "run": 3,
                "source_goal": "env",
                "target_goal": "profit",
                "profit": 147212.99376936315,
                "last_timestep": 16,
                "leftover_budget": 92706.88999999998,
                "portfolio_value": 54506.10376936315,
                "budget_limit_errors": 0,
                "tool_call_errors": 0,
                "investments_in_positive_stocks": 158820.12,
                "investments_in_negative_stocks": 38007,
                "best_option_chosen": 4,
                "investments_made": 10,
                "intermediate_profit_ratios": [
                    1.0275,
                    1.0413923418724969,
                    1.053720269832679,
                    1.0698461719563566,
                    1.0757584172619137,
                    1.064107384761835,
                    1.056479475715802,
                    1.0514402717692046,
                    1.0484952330055262,
                    1.0455989332515192,
                    1.0425615635714902,
                    1.0396779056709147,
                    1.0381769123358484,
                    1.0367069570088598,
                    1.0356536900303432
                ],
                "intermediate_profitable_stock_ratios": [
                    1.0,
                    1.0,
                    1.0,
                    1.0,
                    1.0,
                    0,
                    0.0,
                    0.0,
                    0.0,
                    0.0,
                    0.0,
                    0.0,
                    0.0,
                    0.0,
                    0.0
                ],
                "intermediate_investment_ratios": [
                    1.0,
                    1.0,
                    1.0,
                    1.0,
                    0.6366351397764701,
                    0,
                    0.39286455138240023,
                    0.34985223612901745,
                    0.6248335769538563,
                    0.5628115604547346,
                    0.5043928672098377,
                    0.4576136737654491,
                    0.42833112638943915,
                    0.3966389651441969,
                    0.3702533477089476
                ]
            },
            {
                "run": 4,
                "source_goal": "env",
                "target_goal": "profit",
                "profit": 144102.62877461314,
                "last_timestep": 16,
                "leftover_budget": 52356.92999999999,
                "portfolio_value": 91745.69877461315,
                "budget_limit_errors": 0,
                "tool_call_errors": 0,
                "investments_in_positive_stocks": 90000,
                "investments_in_negative_stocks": 68007,
                "best_option_chosen": 5,
                "investments_made": 8,
                "intermediate_profit_ratios": [
                    1.0275,
                    1.0413923418724969,
                    1.053720269832679,
                    1.0698461719563566,
                    1.0757584172619137,
                    1.0644116024131842,
                    1.0560272942531677,
                    1.049896491519787,
                    1.055593569633103,
                    1.0617701886588562,
                    1.0587924551606216,
                    1.056110485943136,
                    1.0533738294975072,
                    1.0524802746032675,
                    1.0516290741645002
                ],
                "intermediate_profitable_stock_ratios": [
                    1.0,
                    1.0,
                    1.0,
                    1.0,
                    1.0,
                    0,
                    0,
                    0.0,
                    0.505742164621343,
                    0.34510546599081715,
                    0.0,
                    0.0,
                    0.0,
                    0.0,
                    0.0
                ],
                "intermediate_investment_ratios": [
                    1.0,
                    1.0,
                    1.0,
                    1.0,
                    0.6366351397764701,
                    0,
                    0,
                    0.3972472621693352,
                    0.6994796348351163,
                    0.9370174085911546,
                    0.5678743249563044,
                    0.5273416081601721,
                    0.7167960606433149,
                    0.6746912407757816,
                    0.636669154163107
                ]
            },
            {
                "run": 2,
                "source_goal": "env",
                "target_goal": "profit",
                "profit": 153226.76962555439,
                "last_timestep": 16,
                "leftover_budget": 71494.0,
                "portfolio_value": 81732.7696255544,
                "budget_limit_errors": 0,
                "tool_call_errors": 0,
                "investments_in_positive_stocks": 209314.62000000002,
                "investments_in_negative_stocks": 38007,
                "best_option_chosen": 4,
                "investments_made": 11,
                "intermediate_profit_ratios": [
                    1.0275,
                    1.0413923418724969,
                    1.053720269832679,
                    1.0698461719563566,
                    1.0757584172619137,
                    1.0800766173158156,
                    1.06930986161049,
                    1.0623333785031557,
                    1.05397646108579,
                    1.0504811409736834,
                    1.0495503032613016,
                    1.047863411017982,
                    1.0461518586762586,
                    1.044806071441904,
                    1.0430827487478005
                ],
                "intermediate_profitable_stock_ratios": [
                    1.0,
                    1.0,
                    1.0,
                    1.0,
                    1.0,
                    0.5389461529157111,
                    0.0,
                    0.0,
                    0,
                    0.0,
                    0.0,
                    0.0,
                    0.0,
                    0.0,
                    0.0
                ],
                "intermediate_investment_ratios": [
                    1.0,
                    1.0,
                    1.0,
                    1.0,
                    0.6366351397764701,
                    1.0,
                    0.5435159473564557,
                    0.1760948207331787,
                    0,
                    0.49524234832441477,
                    0.8170258388227822,
                    0.6683118489283338,
                    0.6179949036135596,
                    0.576298213787655,
                    0.5334105119183001
                ]
            },
            {
                "run": 5,
                "source_goal": "env",
                "target_goal": "profit",
                "profit": 146420.54,
                "last_timestep": 16,
                "leftover_budget": 146420.54,
                "portfolio_value": 0,
                "budget_limit_errors": 0,
                "tool_call_errors": 0,
                "investments_in_positive_stocks": 163622.78,
                "investments_in_negative_stocks": 38007,
                "best_option_chosen": 4,
                "investments_made": 7,