{
    "Task 1": {
        "gpt-4o-mini": [
            {
                "run": 1,
                "source_goal": "env",
                "target_goal": "profit",
                "profit": 245291.86490725668,
                "last_timestep": 21,
                "leftover_budget": 43591.350000000006,
                "portfolio_value": 201700.51490725667,
                "budget_limit_errors": 0,
                "tool_call_errors": 0,
                "investments_in_positive_stocks": 80849,
                "investments_in_negative_stocks": 260583.02000000002,
                "best_option_chosen": 7,
                "investments_made": 18,
                "intermediate_profit_ratios": [
                    1.0275,
                    1.0413923418724969,
                    1.0527615278064768,
                    1.0630862964728929,
                    1.0650739201708643,
                    1.0700538896765734,
                    1.0821147594923644,
                    1.0945397046256566,
                    1.1075208171263797,
                    1.118585732797172,
                    1.121609330474252,
                    1.134009410721625,
                    1.1425026071095423,
                    1.1508383757891176,
                    1.1669925985623415,
                    1.1752615795650516,
                    1.1806812011241459,
                    1.186421051077174,
                    1.195285488235818,
                    1.2016218018911924
                ],
                "intermediate_profitable_stock_ratios": [
                    1.0,
                    1.0,
                    1.0,
                    0.779906843593793,
                    0.7132327164278608,
                    0.8279141220716087,
                    0.8776835374886978,
                    0.8953856188679555,
                    0.9101322966948537,
                    0.8989712251065787,
                    0.8831220256650432,
                    0.8075811449769199,
                    0.7981086820143785,
                    0.7725969441177583,
                    0.8519759180320394,
                    0.8281528102595106,
                    0.6765295353095192,
                    0.6399006166840886,
                    0.736230797105585,
                    0.5890336746657326
                ],
                "intermediate_investment_ratios": [
                    1.0,
                    1.0,
                    1.0,
                    1.0,
                    0.6329899741982679,
                    0.8471009858684093,
                    0.9941524274448048,
                    0.9925130971426454,
                    1.0,
                    0.8108141557941496,
                    0.6292158772416607,
                    0.9204502817353192,
                    0.8003241185466079,
                    0.6680759632725133,
                    0.9564343326910858,
                    0.764334230931081,
                    0.7892998179293884,
                    0.6733087233652159,
                    0.8608882832445861,
                    0.8222878283530454
                ]
            },
            {
                "run": 2,
                "source_goal": "env",
                "target_goal": "profit",
                "profit": 256266.36110858107,
                "last_timestep": 21,
                "leftover_budget": 8157,
                "portfolio_value": 248109.36110858107,
                "budget_limit_errors": 2,
                "tool_call_errors": 0,
                "investments_in_positive_stocks": 37646,
                "investments_in_negative_stocks": 162314,
                "best_option_chosen": 17,
                "investments_made": 38,
                "intermediate_profit_ratios": [
                    1.0237482808758125,
                    1.0374901708470585,
                    1.0497588855086588,
                    1.0590853595014964,
                    1.0709829892616767,
                    1.0832407308421037,
                    1.0942490001433902,
                    1.1059153780127176,
                    1.1150460368083497,
                    1.1272000560408189,
                    1.1404461591515405,
                    1.1530502106163696,
                    1.1658177955338878,
                    1.1792165913676573,
                    1.190600700437045,
                    1.2039852680335739,
                    1.2175729092151766,
                    1.2302711188747022,
                    1.2436257576482868,
                    1.2597584422198898
                ],
                "intermediate_profitable_stock_ratios": [
                    0.8584200214326803,
                    0.8507380907551866,
                    0.8453425136030593,
                    0.8456133465015258,
                    0.8417215746337489,
                    0.8425672984346844,
                    0.8381725035069629,
                    0.8410580161757455,
                    0.7767185880968204,
                    0.7995646030680648,
                    0.8085030761281419,
                    0.8184835090932413,
                    0.8201962156809722,
                    0.823485112967604,
                    0.8289346601401963,
                    0.8394808654126767,
                    0.8484846656603076,
                    0.8528607031735043,
                    0.8578424800682176,
                    0.8602557357122685
                ],
                "intermediate_investment_ratios": [
                    1.0,
                    0.9994413458926433,
                    1.0,
                    1.0,
                    1.0,
                    1.0,
                    1.0,
                    0.9055630943498437,
                    1.0,
                    1.0,
                    1.0,
                    1.0,
                    1.0,
                    1.0,
                    1.0,
                    1.0,
                    1.0,
                    1.0,
                    1.0,
                    0.9681698371775613
                ]
            },
            {
                "run": 5,
                "source_goal": "env",
                "target_goal": "profit",
                "profit": 144992.7776169624,
                "last_timestep": 16,
                "leftover_budget": 116733.82,
                "portfolio_value": 28258.957616962416,
                "budget_limit_errors": 0,
                "tool_call_errors": 1,
                "investments_in_positive_stocks": 23581.44,
                "investments_in_negative_stocks": 34447.55,
                "best_option_chosen": 3,
                "investments_made": 9,
                "intermediate_profit_ratios": [
                    1.03,
                    1.032332448060147,
                    1.0344554544491895,
                    1.0460573646369573,
                    1.0486493594943365,
                    1.047791586854317,
                    1.044895159486103,
                    1.0412048954930264,
                    1.0391913403130086,
                    1.0370443534437306,
                    1.035547555931159,
                    1.0344780852702267,
                    1.0331380113152508,
                    1.0326722972917626,
                    1.0323664985151866
                ],
                "intermediate_profitable_stock_ratios": [
                    1.0,
                    0.7103946771601688,
                    0.5022144371990211,
                    0.8069595305850548,
                    0.4844654659350582,
                    0.39337775847881806,
                    0.2521875027518069,
                    0.255814229862173,
                    0.2594750024873653,
                    0.26316962278036843,
                    0.26689787672265974,
                    0.2706595339663336,
                    0.2744543476892929,
                    0.27828205446404664,
                    0.2821423741406396
                ],