{
    "Task 1": {
        "gpt-4o-mini": [
            {
                "run": 4,
                "profit": 294347.58647451765,
                "portfolio_value": 111573.58647451767,
                "budget_limit_errors": 0,
                "tool_call_errors": 0,
                "investments_in_positive_stocks": 109645,
                "investments_in_negative_stocks": 0,
                "best_option_chosen": 0,
                "investments_made": 16,
                "intermediate_profits": [
                    1.0029782253761605,
                    1.0049154954767117,
                    1.0050087874679072,
                    1.0065674276594652,
                    1.0070538627862637,
                    1.0078276812664901,
                    1.0084204301741382,
                    1.0084475522248533,
                    1.009233070416172,
                    1.0100043981451974,
                    1.0108250703447392,
                    1.0115034051922533,
                    1.011831158657171,
                    1.0124175038782408,
                    1.0129233707357685,
                    1.013302978607496,
                    1.0137819697693515,
                    1.0143415298387055,
                    1.015107710464815,
                    1.0157332982698266,
                    1.0143801101211105,
                    1.0138065677159593,
                    1.0130854175410076,
                    1.0125624665322213,
                    1.0122360607795136,
                    1.0111233327404736,
                    1.0100920623250493,
                    1.0088313364715948,
                    1.007684478477241,
                    1.0065952844189934
                ],
                "intermediate_emissions": [
                    0.0,
                    0.0,
                    0.0,
                    0.0,
                    0.0,
                    0.0,
                    0.0,
                    0.0,
                    0.0,
                    0.0,
                    0.0,
                    0.0,
                    0.0,
                    0.0,
                    0.0,
                    0.0,
                    0.0,
                    0.0,
                    0.0,
                    0.0,
                    0.0,
                    0.0,
                    0.0,
                    0.0,
                    0.0,
                    0.0,
                    0.0,
                    0.0,
                    0.0,
                    0.0
                ]
            },
            {
                "run": 2,
                "profit": 307141.34447893966,
                "portfolio_value": 140810.3444789397,
                "budget_limit_errors": 1,
                "tool_call_errors": 0,
                "investments_in_positive_stocks": 151996,
                "investments_in_negative_stocks": 0,
                "best_option_chosen": 0,
                "investments_made": 14,
                "intermediate_profits": [
                    1.001425,
                    1.0028971766842156,
                    1.0043245078381176,
                    1.0063792087709575,
                    1.0067254789418603,
                    1.0088790579379299,
                    1.0094464910795402,
                    1.0101588997635726,
                    1.0104169216024386,
                    1.0107272865422634,
                    1.0110600940121153,
                    1.0120662303850088,
                    1.012530681308672,
                    1.0141989073306519,
                    1.0143173708473936,
                    1.014909255191838,
                    1.0152188707159782,
                    1.0156602781963013,
                    1.016510846525079,
                    1.0175177190096538,
                    1.0148410157936236,
                    1.0130734268207422,
                    1.011896655084532,
                    1.0095017763197653,
                    1.0078874896012993,
                    1.0066440393524654,
                    1.0052509744070546,
                    1.0039505095047667,
                    1.0027624684058063,
                    1.0016512938149253
                ],
                "intermediate_emissions": [
                    0.0,
                    0.0,
                    0.0,
                    0.0,
                    0.0,
                    0.0,
                    0.0,
                    0.0,
                    0.0,
                    0.0,
                    0.0,
                    0.0,
                    0.0,
                    0.0,
                    0.0,
                    0.0,
                    0.0,
                    0.0,
                    0.0,
                    0.0,
                    0.0,
                    0.0,
                    0.0,
                    0.0,
                    0.0,
                    0.0,
                    0.0,
                    0.0,
                    0.0,
                    0.0
                ]
            },
            {
                "run": 5,
                "profit": 301319.4205923589,
                "portfolio_value": 264427.4205923589,
                "budget_limit_errors": 4,
                "tool_call_errors": 0,
                "investments_in_positive_stocks": 210972,
                "investments_in_negative_stocks": 53998,
                "best_option_chosen": 2,
                "investments_made": 42,
                "intermediate_profits": [
                    1.0025565396909963,
                    1.0037907274637352,
                    1.0049105912599914,
                    1.0065683577902018,
                    1.0084580403012586,
                    1.0098156734832098,
                    1.0109085195140177,
                    1.0113518554295942,
                    1.0116203785125129,
                    1.0125268442070616,
                    1.014034583783659,
                    1.0154791394807403,
                    1.0168415562745352,
                    1.0186057709338727,
                    1.0201980278182035,
                    1.0215438161631611,
                    1.0231800978086472,
                    1.024442940456466,
                    1.025715951375701,
                    1.0267592877422003,
                    1.027937930368295,
                    1.028961625362105,
                    1.030377200546298,
                    1.0329836188481911,
                    1.035951465470603,
                    1.0380124124576116,
                    1.0414969935954819,
                    1.0452151757230634,
                    1.0491663834566514,
                    1.0525413080724293
                ],
                "intermediate_emissions": [
                    0.0,
                    0.0,
                    0.0,
                    0.0,
                    0.0,
                    0.0,
                    0.0,
                    0.0,
                    0.0,
                    0.0,
                    0.0,
                    0.0,
                    0.0,
                    0.0,
                    0.0,
                    0.0,
                    0.0,
                    0.0,
                    0.0,
                    0.0,
                    0.0,
                    0.08186859825154229,
                    0.08399029947731343,
                    0.1149272067476564,
                    0.019484062176759857,
                    0.020092229839582303,
                    0.06084845019358293,
                    0.06269924685359743,
                    0.06459532720835005,
                    0.10322796097148762
                ]
            },
            {
                "run": 1,
                "profit": 326532.6122077527,
                "portfolio_value": 139039.0720393526,
                "budget_limit_errors": 0,
                "tool_call_errors": 0,
                "investments_in_positive_stocks": 193461,