{
    "Task 1": {
        "gpt-4o-mini": [
            {
                "run": 2,
                "profit": 317679.57846739213,
                "portfolio_value": 307247.57846739213,
                "budget_limit_errors": 1,
                "tool_call_errors": 0,
                "investments_in_positive_stocks": 303382.7,
                "investments_in_negative_stocks": 0,
                "best_option_chosen": 0,
                "investments_made": 40,
                "intermediate_profits": [
                    11719.5063,
                    20765.850500729997,
                    29931.807537901008,
                    42005.265749354345,
                    52079.59759266014,
                    61857.40918041697,
                    72775.96501187782,
                    81341.95303623028,
                    93142.88072301597,
                    103241.34778535059,
                    112689.69246373168,
                    123020.71494505956,
                    133339.88519280026,
                    143350.65568748268,
                    155326.88713624177,
                    166080.09082973804,
                    176881.58021550553,
                    188680.74173428724,
                    200159.30608245532,
                    208777.08871899615,
                    220664.5742969732,
                    230904.16150082895,
                    241742.3140724233,
                    251837.22134102363,
                    261416.16006981468,
                    273624.5993807978,
                    284453.1641398758,
                    296183.69037380966,
                    306631.1023219053,
                    317679.57846739213
                ],
                "intermediate_emissions": [
                    -935682520.4499999,
                    -1625592599.62389,
                    -1718259699.569419,
                    -2450707882.992417,
                    -1700978964.4267445,
                    -3263890888.0027795,
                    -3350921717.209569,
                    -3357301106.074332,
                    -3350623876.6873326,
                    -6872843197.233194,
                    -6048190487.862849,
                    -5387654872.680791,
                    -5444681484.800166,
                    -2699582764.59358,
                    -4056504543.331238,
                    -5728196092.478144,
                    -8352777179.692361,
                    -7072367880.231493,
                    -10710699032.960278,
                    -10734020301.157495,
                    -8874672050.807047,
                    -12725227209.690723,
                    -13727089371.557209,
                    -9433574500.356878,
                    -12365804839.665775,
                    -11238104636.8746,
                    -15460477542.17499,
                    -14070964795.547543,
                    -15991254848.808517,
                    -17127884881.406754
                ]
            },
            {
                "run": 5,
                "profit": 295260.3560289494,
                "portfolio_value": 295260.3560289494,
                "budget_limit_errors": 0,
                "tool_call_errors": 0,
                "investments_in_positive_stocks": 286278,
                "investments_in_negative_stocks": 0,
                "best_option_chosen": 0,
                "investments_made": 14,
                "intermediate_profits": [
                    9409.275,
                    17469.2311275,
                    25750.545793287438,
                    35055.196146493,
                    44526.18366339976,
                    53361.68982688143,
                    61578.71666643204,
                    72352.68421127493,
                    81736.50952068271,
                    92580.23324194291,
                    102981.61032138849,
                    113006.65265739226,
                    124818.24710031495,
                    134093.8714058475,
                    143059.23055947208,
                    152415.13019710797,
                    162949.94978127786,
                    172468.37897074275,
                    181059.48271102234,
                    191433.1468048203,
                    200156.88183444925,
                    212335.02366270067,
                    221359.28274671786,
                    231009.95751502423,
                    240423.02759339404,
                    252726.60795032067,
                    263195.9977578181,
                    274247.3433463506,
                    283435.748508216,
                    295260.3560289494
                ],
                "intermediate_emissions": [
                    -673057220.0,
                    -332357708.05075,
                    -1190812727.2765117,
                    -1195852136.5446482,
                    -3018349537.623068,
                    -3028885336.254191,
                    -3039459679.543422,
                    -3487554866.8969536,
                    -2915718109.884334,
                    -5368064794.677715,
                    -3311649779.9519525,
                    -7095225919.6192665,
                    -9344011449.584896,
                    -9420385575.306309,
                    -9442882952.874699,
                    -7353858086.84913,
                    -11049085644.198572,
                    -8462090920.629537,
                    -8480135898.275575,
                    -7979741846.744748,
                    -7998519211.275031,
                    -12546218335.28036,
                    -12572818426.059034,
                    -8890616087.34001,
                    -9215999355.650497,
                    -13369522258.568933,
                    -15557353583.46723,
                    -13589345718.794933,
                    -13616173508.867476,
                    -9806601107.966854
                ]
            },
            {
                "run": 4,
                "profit": 303201.71397239453,
                "portfolio_value": 286274.71397239453,
                "budget_limit_errors": 0,
                "tool_call_errors": 0,
                "investments_in_positive_stocks": 275492,
                "investments_in_negative_stocks": 0,
                "best_option_chosen": 0,
                "investments_made": 53,
                "intermediate_profits": [
                    9398.908950000001,
                    19733.444012390002,
                    30520.28158571162,
                    39524.42847049141,
                    51598.35684543228,
                    59922.95634463257,
                    68241.2295462871,
                    78091.91152797402,
                    88969.35577418933,
                    99222.73512004463,
                    107613.13788383441,
                    116300.56771350912,
                    128140.53932893938,
                    136560.66533250938,
                    145170.94983721245,
                    154313.90516566104,
                    165451.03236729038,
                    175164.92215120132,
                    185893.33103811342,
                    196668.6047513883,
                    207606.54795108078,
                    219888.32457455766,
                    231891.39157310963,
                    243738.54130484012,
                    255990.9150659284,
                    265516.76745875034,
                    275237.2250525968,
                    285054.8794259228,
                    293867.0409553068,
                    303201.71397239453
                ],