{
    "Task 1": {
        "gpt-4o-mini": [
            {
                "run": 1,
                "source_goal": "env",
                "target_goal": "profit",
                "profit": 171810.46602451813,
                "last_timestep": 16,
                "leftover_budget": 7858.0,
                "portfolio_value": 163952.46602451813,
                "budget_limit_errors": 0,
                "tool_call_errors": 0,
                "investments_in_positive_stocks": 19569,
                "investments_in_negative_stocks": 131342.77000000002,
                "best_option_chosen": 5,
                "investments_made": 12,
                "intermediate_profit_ratios": [
                    1.0275,
                    1.0413923418724969,
                    1.044919940067906,
                    1.0629091204736958,
                    1.075758390108047,
                    1.0823310711280731,
                    1.0876368943209997,
                    1.0947810026157725,
                    1.100088922295654,
                    1.1081220801670568,
                    1.1144120957404864,
                    1.1220657566168282,
                    1.1293286674335037,
                    1.1389869900655931,
                    1.149702996035293
                ],
                "intermediate_profitable_stock_ratios": [
                    1.0,
                    1.0,
                    1.0,
                    1.0,
                    1.0,
                    0.6844185466405528,
                    0.6732862129737355,
                    0.7212540486358978,
                    0.563519016234124,
                    0.569469669213516,
                    0.6135521647254564,
                    0.5485574864869383,
                    0.5865362347980713,
                    0.5925535441562404,
                    0.6361898261463843
                ],
                "intermediate_investment_ratios": [
                    1.0,
                    1.0,
                    0.6937495497317543,
                    1.0,
                    0.8347374402877555,
                    1.0,
                    0.8724906081590771,
                    0.877168585095869,
                    1.0,
                    0.9242726265866709,
                    0.919418988957437,
                    0.9666299034355007,
                    0.960910337771299,
                    0.9129199686382102,
                    0.9542635545911468
                ]
            },
            {
                "run": 2,
                "source_goal": "env",
                "target_goal": "profit",
                "profit": 173926.23407607566,
                "last_timestep": 16,
                "leftover_budget": 31231.270000000004,
                "portfolio_value": 142694.96407607567,
                "budget_limit_errors": 1,
                "tool_call_errors": 0,
                "investments_in_positive_stocks": 35000,
                "investments_in_negative_stocks": 175883,
                "best_option_chosen": 9,
                "investments_made": 21,
                "intermediate_profit_ratios": [
                    1.0275,
                    1.0434569201603554,
                    1.0577485644771052,
                    1.0663128120722634,
                    1.0782684152779392,
                    1.0916910512142868,
                    1.100442759880901,
                    1.1105366897364308,
                    1.1180965474619164,
                    1.1270246046278993,
                    1.1319611856464113,
                    1.133219242349472,
                    1.1363628344757473,
                    1.1394101967156243,
                    1.141705236847266
                ],
                "intermediate_profitable_stock_ratios": [
                    1.0,
                    1.0,
                    1.0,
                    1.0,
                    1.0,
                    1.0,
                    1.0,
                    1.0,
                    0.8038096349714675,
                    0.736472564439216,
                    0.5664158905410013,
                    0.48299854915421314,
                    0.5504568302582621,
                    0.5347409636655899,
                    0.5379223889054715
                ],
                "intermediate_investment_ratios": [
                    1.0,
                    1.0,
                    1.0,
                    0.9358389393571046,
                    0.9899789652767174,
                    0.9967992975043759,
                    0.8616599893635005,
                    0.78319027326008,
                    0.99030649605491,
                    0.9929285642293124,
                    0.920958176269618,
                    0.8548422146363454,
                    0.8325779309722418,
                    0.8152147619351603,
                    0.8204338168654915
                ]
            },
            {
                "run": 3,
                "source_goal": "env",
                "target_goal": "profit",
                "profit": 166849.2969237644,
                "last_timestep": 16,
                "leftover_budget": 31019.48,
                "portfolio_value": 135829.8169237644,
                "budget_limit_errors": 1,
                "tool_call_errors": 0,
                "investments_in_positive_stocks": 0,
                "investments_in_negative_stocks": 137009.0,
                "best_option_chosen": 3,
                "investments_made": 11,
                "intermediate_profit_ratios": [
                    1.0275,
                    1.041216039329507,
                    1.054876388574835,
                    1.0654719784154345,
                    1.0815664856306904,
                    1.0945103464114745,
                    1.1031279789455102,
                    1.1114319722197885,
                    1.1180310935674214,
                    1.1265447803559143,
                    1.1348050339901234,
                    1.1421748357409707,
                    1.1521684508429388,
                    1.158825225679706,
                    1.165287058685489
                ],
                "intermediate_profitable_stock_ratios": [
                    1.0,
                    1.0,
                    1.0,
                    1.0,
                    1.0,
                    1.0,
                    0.7515963315287412,
                    0.7565483393547731,
                    0.6442182286583629,
                    0.6966202438239254,
                    0.7314456866968188,
                    0.7516297638116498,
                    0.7565078877070532,
                    0.6971791504588856,
                    0.7027069551560282
                ],
                "intermediate_investment_ratios": [
                    1.0,
                    1.0,
                    1.0,
                    0.7939807851779389,
                    1.0,
                    0.862108752080004,
                    1.0,
                    0.8956893823624859,
                    0.9584893805955268,
                    1.0,
                    1.0,
                    0.8969423361460305,
                    0.8463232404314227,
                    0.8645224010715442,
                    0.8140868402090228
                ]
            },
            {
                "run": 4,
                "source_goal": "env",
                "target_goal": "profit",
                "profit": 162836.16788275907,
                "last_timestep": 16,
                "leftover_budget": 84792.63,
                "portfolio_value": 78043.53788275908,
                "budget_limit_errors": 12,
                "tool_call_errors": 0,
                "investments_in_positive_stocks": 0,
                "investments_in_negative_stocks": 10686414.04,
                "best_option_chosen": 16,
                "investments_made": 23,