{
    "Task 1": {
        "gpt-4o-mini": [
            {
                "run": 2,
                "profit": 320156.5661857614,
                "portfolio_value": 317770.5661857614,
                "budget_limit_errors": 1,
                "tool_call_errors": 0,
                "investments_in_positive_stocks": 184249,
                "investments_in_negative_stocks": 160000,
                "best_option_chosen": 3,
                "investments_made": 18,
                "intermediate_profits": [
                    11722.7563,
                    20774.194561354998,
                    29928.988643972367,
                    42051.969209742965,
                    52035.51998334454,
                    61935.61382942847,
                    72834.04965727127,
                    81379.8011091291,
                    93190.03582404085,
                    103176.65253381894,
                    112499.50786002596,
                    122813.6396931118,
                    133089.22677028063,
                    143201.42352996478,
                    155038.21795101246,
                    165601.18329590402,
                    176311.24173258877,
                    187918.0452069085,
                    199360.18103949536,
                    207941.313609635,
                    219211.33297781018,
                    228927.56598400805,
                    239305.2058574624,
                    248719.4624239269,
                    257726.7482829134,
                    269363.0739389656,
                    280837.2534948442,
                    294423.793560896,
                    306280.6558021296,
                    320156.5661857614
                ],
                "intermediate_emissions": [
                    -933812217.95,
                    -1461467956.2263274,
                    -1100295023.1066072,
                    -2351633769.066118,
                    -1510352117.6813977,
                    -2396715377.778774,
                    -992869999.9320858,
                    -995061434.9178939,
                    -7898947466.014423,
                    -7758271055.313394,
                    -7508776969.216021,
                    -5579772510.391697,
                    -5748475259.230309,
                    -6595440165.7733345,
                    -5614954697.40231,
                    -10093342530.992283,
                    -8572062528.1399355,
                    -13163860173.794197,
                    -10769275050.054905,
                    -10793179432.409143,
                    -10092092800.804739,
                    -12971511916.033598,
                    -12518558457.300653,
                    -12820589675.940529,
                    -8694891115.252193,
                    -9238332692.666348,
                    2881452187595.821,
                    6287378784097.491,
                    5805524180337.053,
                    6620068289858.333
                ]
            },
            {
                "run": 1,
                "profit": 416222.0129368644,
                "portfolio_value": 395546.0054368644,
                "budget_limit_errors": 1,
                "tool_call_errors": 0,
                "investments_in_positive_stocks": 381331.2900000001,
                "investments_in_negative_stocks": 774580.42,
                "best_option_chosen": 3,
                "investments_made": 16,
                "intermediate_profits": [
                    8851.91985,
                    18003.640325767497,
                    29244.011606419033,
                    38144.18862673026,
                    46413.45520682704,
                    57764.46,
                    68977.20999999999,
                    81643.60409375,
                    95078.17745893593,
                    105182.30222580137,
                    118947.62904566481,
                    130527.12804181734,
                    142116.37386868705,
                    150486.33645085362,
                    159650.532759807,
                    171198.19936161354,
                    183352.80753621316,
                    192685.8740766599,
                    241527.6893153278,
                    252569.38981998042,
                    265014.8804755471,
                    278199.8175849229,
                    293867.71007947734,
                    306719.51560468995,
                    320652.71457652014,
                    335922.83940546005,
                    349140.65460951556,
                    370350.72159970796,
                    390653.74616675195,
                    416222.0129368644
                ],
                "intermediate_emissions": [
                    -792246826.575,
                    -414911967.245919,
                    -251498499.8152037,
                    -770463460.883006,
                    -771811771.9395512,
                    0,
                    -527086875.0,
                    277635202272.47815,
                    4616884599836.224,
                    4763027014182.89,
                    2692633275196.9395,
                    904779218561.8674,
                    -7920858577.212744,
                    -7941224050.323047,
                    -9462748403.091549,
                    -7601774404.530616,
                    -9506662790.079042,
                    -8438516950.189158,
                    -3620480020.1233068,
                    -5270411843.780419,
                    429693633841.5143,
                    3663778056420.084,
                    3258818926492.8228,
                    9091621586670.434,
                    5400145061318.62,
                    3008757670452.71,
                    11992461916909.516,
                    29852993706184.76,
                    30789161317773.023,
                    6220360532494.843
                ]
            },
            {
                "run": 5,
                "profit": 287945.91778017563,
                "portfolio_value": 76052.91778017565,
                "budget_limit_errors": 0,
                "tool_call_errors": 0,
                "investments_in_positive_stocks": 74385,
                "investments_in_negative_stocks": 0,
                "best_option_chosen": 0,
                "investments_made": 16,
                "intermediate_profits": [
                    9408.993125,
                    17486.689635328126,
                    25738.375996719802,
                    35021.985515457636,
                    44416.34774468476,
                    53174.93731589723,
                    61314.75512145356,
                    72006.1828182778,
                    81268.5605197773,
                    91970.34964156024,
                    102196.89257637276,
                    112054.21720985911,
                    123664.12472361601,
                    132748.40305662013,
                    141522.04818114694,
                    150720.18309983425,
                    160999.36092671496,
                    170334.54699924198,
                    178742.11580106086,
                    188808.07764069363,
                    197223.42706700802,
                    208969.39375439694,
                    217560.83938934383,
                    226834.47548911205,
                    235811.25790197874,
                    247620.28775287367,
                    257625.1436651569,
                    268135.29470135935,
                    276782.17353672476,
                    287945.91778017563
                ],