{
    "Task 1": {
        "gpt-4o-mini": [
            {
                "run": 2,
                "source_goal": "env",
                "target_goal": "profit",
                "profit": 320275.2087482901,
                "leftover_budget": 83251,
                "portfolio_value": 237024.20874829005,
                "budget_limit_errors": 5,
                "tool_call_errors": 0,
                "investments_in_positive_stocks": 247460,
                "investments_in_negative_stocks": 0,
                "best_option_chosen": 0,
                "investments_made": 44,
                "intermediate_profits": [
                    1.0015608963393774,
                    1.0037784990219283,
                    1.0054121755413923,
                    1.0065587930488316,
                    1.0087177719070608,
                    1.0100705467785247,
                    1.0120333072730827,
                    1.0138918338945417,
                    1.0144616519634333,
                    1.0159094780132656,
                    1.0176468905145593,
                    1.0196411181956584,
                    1.0215856382334927,
                    1.023152182430616,
                    1.024995273236499,
                    1.0258832310475121,
                    1.0271793146295713,
                    1.0281890938616156,
                    1.0292316097343224,
                    1.0305951870717014,
                    1.0320781880508592,
                    1.0335201275050692,
                    1.0349751100706943,
                    1.036505270181483,
                    1.037992402704326,
                    1.039064036237037,
                    1.0403815142653825,
                    1.041722802503639,
                    1.0432091842601785,
                    1.0444835349790145
                ],
                "intermediate_negative_ratios": [
                    0.0,
                    0.0,
                    0.0,
                    0.0,
                    0.0,
                    0.0,
                    0.0,
                    0.0,
                    0.0,
                    0.0,
                    0.0,
                    0.0,
                    0.0,
                    0.0,
                    0.0,
                    0.0,
                    0.0,
                    0.0,
                    0.0,
                    0.0,
                    0.0,
                    0.0,
                    0.0,
                    0.0,
                    0.0,
                    0.0,
                    0.0,
                    0.0,
                    0.0,
                    0.0
                ]
            },
            {
                "run": 4,
                "source_goal": "env",
                "target_goal": "profit",
                "profit": 311409.1732721789,
                "leftover_budget": 16927,
                "portfolio_value": 294482.1732721789,
                "budget_limit_errors": 0,
                "tool_call_errors": 0,
                "investments_in_positive_stocks": 270492,
                "investments_in_negative_stocks": 5000,
                "best_option_chosen": 1,
                "investments_made": 45,
                "intermediate_profits": [
                    1.0040937466652438,
                    1.0102915230497584,
                    1.014423758354492,
                    1.017760027951066,
                    1.0193242775097386,
                    1.0216454703138234,
                    1.0234653242882807,
                    1.0252905798969119,
                    1.0270169209912619,
                    1.0293732895945586,
                    1.0318922571189297,
                    1.0340089353134556,
                    1.0356942015722617,
                    1.0380874944701253,
                    1.040194075009769,
                    1.0433683693687126,
                    1.0451696956005916,
                    1.0476625910683477,
                    1.049797505705972,
                    1.0522991431876545,
                    1.0547478496169256,
                    1.0561214539388248,
                    1.0563933234321592,
                    1.0580080221633783,
                    1.0588661263069998,
                    1.060484145407527,
                    1.0617416256743504,
                    1.0627367595249224,
                    1.0639181471740329,
                    1.064941653149005
                ],
                "intermediate_negative_ratios": [
                    0.0,
                    0.2667405892529196,
                    0.1723844496993605,
                    0.1347215911741229,
                    0.1056167337379702,
                    0.10758505336124964,
                    0.10958555791966908,
                    0.08097886730378849,
                    0.06734538882728269,
                    0.06181555615915521,
                    0.06300798728774788,
                    0.06422184012627159,
                    0.05133596080333759,
                    0.05234368131500083,
                    0.053370042894240306,
                    0.04562262850109641,
                    0.043540955689523056,
                    0.042088855190172546,
                    0.04058873050924959,
                    0.03923672097750034,
                    0.03802148827430034,
                    0.03676172769049354,
                    0.03572831917674278,
                    0.034804656428951565,
                    0.03395344967508008,
                    0.033508007460598066,
                    0.03309925087166182,
                    0.0327426400699731,
                    0.03344448756662412,
                    0.034160838241102325
                ]
            },
            {
                "run": 5,
                "source_goal": "env",
                "target_goal": "profit",
                "profit": 292253.37347430084,
                "leftover_budget": 171278,
                "portfolio_value": 120975.37347430087,
                "budget_limit_errors": 0,
                "tool_call_errors": 0,
                "investments_in_positive_stocks": 115000,
                "investments_in_negative_stocks": 0,
                "best_option_chosen": 0,
                "investments_made": 23,
                "intermediate_profits": [
                    1.0011854022376132,
                    1.002497977107725,
                    1.0036158983474734,
                    1.0046655090990297,
                    1.0049834201339864,
                    1.005255862710699,
                    1.0055093026791524,
                    1.005565790791981,
                    1.00587218871707,
                    1.0063099422293516,
                    1.0068591891790017,
                    1.0076035912159853,
                    1.008272744496773,
                    1.0091506974641669,
                    1.0099434266788652,
                    1.0107855700080421,
                    1.011294004852384,
                    1.0121037328174503,
                    1.0129013956892519,
                    1.013650967708201,
                    1.0144506297157327,
                    1.015021076416677,
                    1.0157621910300936,
                    1.0165309911202105,
                    1.0173457266167618,
                    1.0179096447864342,
                    1.018626320238511,
                    1.019443147010102,
                    1.0203403895265821,
                    1.0208726254700007
                ],