{
    "Task 1": {
        "gpt-4o-mini": [
            {
                "run": 1,
                "source_goal": "env",
                "target_goal": "profit",
                "profit": 310509.35469967534,
                "last_timestep": 26,
                "leftover_budget": 167085.81,
                "portfolio_value": 143423.54469967537,
                "budget_limit_errors": 0,
                "tool_call_errors": 1,
                "investments_in_positive_stocks": 18200,
                "investments_in_negative_stocks": 268484.95,
                "best_option_chosen": 9,
                "investments_made": 17,
                "intermediate_profit_ratios": [
                    1.0275,
                    1.0413923418724969,
                    1.044919940067906,
                    1.0520558566012512,
                    1.0576655020604535,
                    1.0715733024279512,
                    1.0836213643863244,
                    1.0913107246685576,
                    1.1000554140392316,
                    1.1059005668640765,
                    1.1110730621755838,
                    1.1157058611403452,
                    1.129900871890865,
                    1.1412473630846345,
                    1.1509962217884875,
                    1.157744874265732,
                    1.1634607371764654,
                    1.1714876209133014,
                    1.17671555523129,
                    1.1826866651690247,
                    1.1879930259426243,
                    1.1945654908799463,
                    1.1995668185859223,
                    1.2056873101099086,
                    1.2111152248771382
                ],
                "intermediate_profitable_stock_ratios": [
                    1.0,
                    1.0,
                    1.0,
                    1.0,
                    1.0,
                    1.0,
                    0.9060482577143731,
                    0.8097534825147488,
                    0.8449357323479458,
                    0.8014186977606828,
                    0.7798535968273679,
                    0.7708193715563515,
                    0.907312122907693,
                    0.8872574406238605,
                    0.8895144887884118,
                    0.8917318657280707,
                    0.893910048823047,
                    0.8960495186761332,
                    0.8981507586612772,
                    0.9002142544872429,
                    0.9022404937763068,
                    0.904229965657906,
                    0.9061831603771355,
                    0.9081005689179613,
                    0.9099826826410032
                ],
                "intermediate_investment_ratios": [
                    1.0,
                    1.0,
                    0.6937495497317543,
                    0.6248638906957289,
                    0.5251028668456763,
                    0.9019694739488394,
                    0.8895107315240502,
                    0.7998544365620167,
                    0.8511080167276134,
                    0.6075413838582805,
                    0.6741437296736553,
                    0.5963180034720561,
                    0.883397099700905,
                    0.6806001593289682,
                    0.6503458851600986,
                    0.6161117576147247,
                    0.5850518372492696,
                    0.5658279864997944,
                    0.5424359094321286,
                    0.5243406104983798,
                    0.5073099842740226,
                    0.49526263716884306,
                    0.4816355681576286,
                    0.4717989234637834,
                    0.46189766114581193
                ]
            },
            {
                "run": 2,
                "source_goal": "env",
                "target_goal": "profit",
                "profit": 357382.0297934615,
                "last_timestep": 26,
                "leftover_budget": 167,
                "portfolio_value": 357215.0297934615,
                "budget_limit_errors": 7,
                "tool_call_errors": 0,
                "investments_in_positive_stocks": 8856,
                "investments_in_negative_stocks": 282442,
                "best_option_chosen": 24,
                "investments_made": 40,
                "intermediate_profit_ratios": [
                    1.0255572186110162,
                    1.0418661810519707,
                    1.05590605388607,
                    1.0658250342268685,
                    1.0776777743330361,
                    1.0907094047327737,
                    1.1034849613717006,
                    1.1168542327560582,
                    1.1297661540079038,
                    1.1455710510629138,
                    1.162738441849623,
                    1.1791212112496317,
                    1.1959619411183902,
                    1.2137363458272383,
                    1.2289598640276769,
                    1.2463589829517574,
                    1.2639737807592057,
                    1.280455779645096,
                    1.296310609315358,
                    1.315659183109148,
                    1.3316752477869773,
                    1.3505671498606124,
                    1.369002310667187,
                    1.3890360260307808,
                    1.4103084358106188
                ],
                "intermediate_profitable_stock_ratios": [
                    1.0,
                    1.0,
                    1.0,
                    1.0,
                    0.8943319472090733,
                    0.9116211179044846,
                    0.9253339713026831,
                    0.9267744971000269,
                    0.9423888429689758,
                    0.9484132656341636,
                    0.9531313260409008,
                    0.9573913064945796,
                    0.9610165216285453,
                    0.9640728152978684,
                    0.9669596657277407,
                    0.9693012960735662,
                    0.9715006016542992,
                    0.973436886856015,
                    0.935270419056353,
                    0.9367375335251689,
                    0.9426211635275967,
                    0.9458248650003396,
                    0.9487544173964654,
                    0.9514429061552465,
                    0.9538520235173212
                ],
                "intermediate_investment_ratios": [
                    0.9311139401283399,
                    1.0,
                    1.0,
                    0.9783486463032952,
                    1.0,
                    1.0,
                    1.0,
                    0.9064880419061317,
                    1.0,
                    1.0,
                    1.0,
                    1.0,
                    0.999846857184808,
                    1.0,
                    0.9968005301480072,
                    0.9957465803355603,
                    0.9990622052759072,
                    0.997842513642843,
                    0.993963527857967,
                    0.9638130567779185,
                    0.9963638551644524,
                    0.9975164323716282,
                    0.9967395225183958,
                    0.9981910131548417,
                    0.999532712934401
                ]
            },
            {
                "run": 3,
                "source_goal": "env",
                "target_goal": "profit",
                "profit": 344000.8201732075,
                "last_timestep": 26,
                "leftover_budget": 30055,
                "portfolio_value": 313945.8201732075,
                "budget_limit_errors": 8,
                "tool_call_errors": 1,
                "investments_in_positive_stocks": 0,
                "investments_in_negative_stocks": 313399,
                "best_option_chosen": 16,
                "investments_made": 29,