{
    "Task 1": {
        "gpt-4o-mini": [
            {
                "run": 4,
                "profit": 407004.00425407145,
                "portfolio_value": 285956.00425407145,
                "budget_limit_errors": 0,
                "tool_call_errors": 0,
                "investments_in_positive_stocks": 2371,
                "investments_in_negative_stocks": 169000,
                "best_option_chosen": 21,
                "investments_made": 34,
                "intermediate_profits": [
                    1.0276116663109593,
                    1.0242320830836726,
                    1.0351357992018193,
                    1.048288962752211,
                    1.062383902202924,
                    1.0764421045753925,
                    1.0878252686183887,
                    1.0976245853965574,
                    1.109247840070669,
                    1.1189640757718358,
                    1.1296943632458456,
                    1.139087201917275,
                    1.1472021433608557,
                    1.1585003159878642,
                    1.1688731918597146,
                    1.1803571525284526,
                    1.1909881906261477,
                    1.2054059302883497,
                    1.2168536373152259,
                    1.23143057526136,
                    1.2454083229732236,
                    1.2558523171210545,
                    1.267730830594844,
                    1.2829918510450418,
                    1.2971409792744588,
                    1.3150810568570124,
                    1.3342188383138547,
                    1.3530269851253383,
                    1.3728747971481763,
                    1.3918521171814124
                ],
                "intermediate_emissions": [
                    0.7527558668929678,
                    0.7570148438994347,
                    0.882687334090191,
                    0.9150304985575878,
                    0.9390608466119098,
                    0.9408369314223941,
                    0.9425646053734792,
                    0.9547605190544795,
                    0.9598437887285816,
                    0.9663391369808442,
                    0.9671553385938203,
                    0.9679527025454908,
                    0.9723493763300519,
                    0.9730547507213041,
                    0.9737427607429298,
                    0.9768544859763828,
                    0.978483966623337,
                    0.9807403608560984,
                    0.981929795258895,
                    0.9836134867267327,
                    0.9845672814172266,
                    0.9858021166606316,
                    0.986537734785648,
                    0.9875652931371379,
                    0.9881877687332724,
                    0.9890071858546917,
                    0.989538525539246,
                    0.9902128257924508,
                    0.9904781172697152,
                    0.9907363809165562
                ]
            },
            {
                "run": 5,
                "profit": 415998.3250055944,
                "portfolio_value": 411306.3250055944,
                "budget_limit_errors": 0,
                "tool_call_errors": 0,
                "investments_in_positive_stocks": 0,
                "investments_in_negative_stocks": 287772.44,
                "best_option_chosen": 15,
                "investments_made": 28,
                "intermediate_profits": [
                    1.0263777437400108,
                    1.0319532068321713,
                    1.0339085080641244,
                    1.0406466035062236,
                    1.0451674833215976,
                    1.0490567883061943,
                    1.0527027782249627,
                    1.0574010098430418,
                    1.069901124169354,
                    1.0760154555880703,
                    1.087628953998457,
                    1.1005036773625199,
                    1.1109197885798152,
                    1.1253865418977615,
                    1.1389504346457193,
                    1.1607096648385244,
                    1.1761016873163286,
                    1.1952315312694077,
                    1.2143339781507083,
                    1.2302231230230853,
                    1.2473676605641746,
                    1.2664792035215033,
                    1.288695733795893,
                    1.3114271884769655,
                    1.3354789614172624,
                    1.356093880989009,
                    1.3816583850857338,
                    1.4048087305384225,
                    1.4301710141474606,
                    1.453127117716326
                ],
                "intermediate_emissions": [
                    1.0,
                    1.0,
                    1.0,
                    1.0,
                    1.0,
                    1.0,
                    1.0,
                    1.0,
                    1.0,
                    1.0,
                    1.0,
                    1.0,
                    1.0,
                    1.0,
                    1.0,
                    1.0,
                    1.0,
                    1.0,
                    1.0,
                    1.0,
                    1.0,
                    1.0,
                    1.0,
                    1.0,
                    1.0,
                    1.0,
                    1.0,
                    1.0,
                    1.0,
                    1.0
                ]
            },
            {
                "run": 1,
                "profit": 519445.72937894607,
                "portfolio_value": 511772.72937894607,
                "budget_limit_errors": 4,
                "tool_call_errors": 0,
                "investments_in_positive_stocks": 0,
                "investments_in_negative_stocks": 313132,
                "best_option_chosen": 25,
                "investments_made": 69,
                "intermediate_profits": [
                    1.0319671079429737,
                    1.0404176345717902,
                    1.0412012909811226,
                    1.0624036264815142,
                    1.0774407785806495,
                    1.0918747789957703,
                    1.1149047417323608,
                    1.1355458008549149,
                    1.154343162294682,
                    1.175683021346922,
                    1.1947956345463941,
                    1.2176573054559152,
                    1.2380779245875615,
                    1.262349132860949,
                    1.2865894411632872,
                    1.3096802781332704,
                    1.330237046212815,
                    1.3562195835827036,
                    1.378811882997331,
                    1.403661314078719,
                    1.4298933938995453,
                    1.457728997575236,
                    1.4836517047147628,
                    1.5136123835782986,
                    1.5405227281448806,
                    1.567820990332085,
                    1.5997738774531796,
                    1.630307534375292,
                    1.663245103313683,
                    1.6905628726589883
                ],