{
    "Task 1": {
        "gpt-4o-mini": [
            {
                "run": 1,
                "profit": 343525.9110367858,
                "portfolio_value": 186506.91103678578,
                "budget_limit_errors": 0,
                "tool_call_errors": 0,
                "investments_in_positive_stocks": 57445,
                "investments_in_negative_stocks": 97217,
                "best_option_chosen": 9,
                "investments_made": 38,
                "intermediate_profits": [
                    1.0017,
                    1.0022949068667597,
                    1.0026376770750949,
                    1.0029509531231329,
                    1.0031900756867622,
                    1.0042515687771705,
                    1.005582549313856,
                    1.0060436544194722,
                    1.0067954122800806,
                    1.007642438766886,
                    1.0089926223479502,
                    1.0102818040314636,
                    1.0122464002658589,
                    1.0142821113595122,
                    1.0164207925247695,
                    1.018919668356483,
                    1.0215835300028446,
                    1.0264447198682634,
                    1.03064725193904,
                    1.0368708237081898,
                    1.0430546243431091,
                    1.049772678264111,
                    1.0572020447653332,
                    1.0655480394707877,
                    1.072933862152961,
                    1.0818166332992472,
                    1.0901306398564745,
                    1.1000883361435927,
                    1.1102525439918312,
                    1.1180227657073956
                ],
                "intermediate_emissions": [
                    0.0,
                    0.0,
                    0.0,
                    0.0,
                    0.0,
                    0.0,
                    0.0,
                    0.0,
                    0.05059440294261016,
                    0.05176263444359911,
                    0.08672080219879938,
                    0.0,
                    0.07148491938030081,
                    0.07297053848642021,
                    0.07499054165211318,
                    0.19106548307339388,
                    0.24200201533716112,
                    0.3254601048592675,
                    0.36335915786776357,
                    0.425272402382794,
                    0.45571921330202403,
                    0.3727937975781664,
                    0.4000575490689512,
                    0.5296521085745798,
                    0.5496598767984368,
                    0.43801470373650236,
                    0.45672680937098975,
                    0.48888760548491295,
                    0.49357726218692854,
                    0.4974828982505826
                ]
            },
            {
                "run": 2,
                "profit": 306320.4854200606,
                "portfolio_value": 131529.4854200606,
                "budget_limit_errors": 0,
                "tool_call_errors": 0,
                "investments_in_positive_stocks": 131844,
                "investments_in_negative_stocks": 0,
                "best_option_chosen": 0,
                "investments_made": 19,
                "intermediate_profits": [
                    1.0014032928498118,
                    1.0026823496760289,
                    1.0040694000267543,
                    1.0060274590465206,
                    1.0068470077025053,
                    1.0089892791813564,
                    1.0096356116401013,
                    1.0104135881404772,
                    1.0105764536643669,
                    1.0107985945637772,
                    1.0114930876776875,
                    1.0128439298710763,
                    1.0136077110113317,
                    1.0149758925049543,
                    1.0152672135365957,
                    1.013497441836223,
                    1.011360605347004,
                    1.0101181454856656,
                    1.008404767450112,
                    1.0069775556382485,
                    1.0056913469430053,
                    1.0047322596125243,
                    1.0039852039650927,
                    1.002915865215645,
                    1.0021060479419062,
                    1.0014361209750362,
                    1.0007459893318797,
                    1.0001085575490183,
                    0.9995199154423284,
                    0.9989743030641008
                ],
                "intermediate_emissions": [
                    0.0,
                    0.0,
                    0.0,
                    0.0,
                    0.0,
                    0.0,
                    0.0,
                    0.0,
                    0.0,
                    0.0,
                    0.0,
                    0.0,
                    0.0,
                    0.0,
                    0.0,
                    0.0,
                    0.0,
                    0.0,
                    0.0,
                    0.0,
                    0.0,
                    0.0,
                    0.0,
                    0.0,
                    0.0,
                    0.0,
                    0.0,
                    0.0,
                    0.0,
                    0.0
                ]
            },
            {
                "run": 5,
                "profit": 291352.48973035737,
                "portfolio_value": 127259.48973035738,
                "budget_limit_errors": 0,
                "tool_call_errors": 0,
                "investments_in_positive_stocks": 122185,
                "investments_in_negative_stocks": 0,
                "best_option_chosen": 0,
                "investments_made": 33,
                "intermediate_profits": [
                    1.0023606686201385,
                    1.0035971123516774,
                    1.0057938207736075,
                    1.0074378344152148,
                    1.009366612408139,
                    1.0107616714009098,
                    1.011891888503842,
                    1.0122431456518677,
                    1.0126286474884258,
                    1.0132441266801149,
                    1.0141802485163143,
                    1.015516317491095,
                    1.0166712659010269,
                    1.018252415930502,
                    1.0196834163707849,
                    1.0196619843978982,
                    1.0191653859605294,
                    1.0190126545434373,
                    1.0189821105276076,
                    1.0187412037995536,
                    1.0186883447798607,
                    1.0186090966692174,
                    1.0188146185519271,
                    1.0188111513847788,
                    1.0189987774743963,
                    1.018793262236966,
                    1.0186306091017687,
                    1.018555543794654,
                    1.018616127976426,
                    1.0177257411689244
                ],
                "intermediate_emissions": [
                    0.0,
                    0.0,
                    0.0,
                    0.0,
                    0.0,
                    0.0,
                    0.0,
                    0.0,
                    0.0,
                    0.0,
                    0.0,
                    0.0,
                    0.0,
                    0.0,
                    0.0,
                    0.0,
                    0.0,
                    0.0,
                    0.0,
                    0.0,
                    0.0,
                    0.0,
                    0.0,
                    0.0,
                    0.0,
                    0.0,
                    0.0,
                    0.0,
                    0.0,
                    0.0
                ]
            },
            {
                "run": 4,
                "profit": 293972.2122886738,
                "portfolio_value": 55553.212288673814,