{
    "Task 1": {
        "gpt-4o-mini": [
            {
                "run": 5,
                "source_goal": "env",
                "target_goal": "profit",
                "profit": 156157.8201453909,
                "last_timestep": 17,
                "leftover_budget": 127654.82,
                "portfolio_value": 28503.000145390903,
                "budget_limit_errors": 0,
                "tool_call_errors": 1,
                "investments_in_positive_stocks": 23581.44,
                "investments_in_negative_stocks": 34447.55,
                "best_option_chosen": 3,
                "investments_made": 9,
                "intermediate_profit_ratios": [
                    1.03,
                    1.032332448060147,
                    1.0344554544491895,
                    1.0460573646369573,
                    1.0486493594943365,
                    1.047791586854317,
                    1.044895159486103,
                    1.0412048954930264,
                    1.0391913403130086,
                    1.0370443534437306,
                    1.035547555931159,
                    1.0344780852702267,
                    1.0331380113152508,
                    1.0326722972917626,
                    1.0323664985151866
                ],
                "intermediate_profitable_stock_ratios": [
                    1.0,
                    0.7103946771601688,
                    0.5022144371990211,
                    0.8069595305850548,
                    0.4844654659350582,
                    0.39337775847881806,
                    0.2521875027518069,
                    0.255814229862173,
                    0.2594750024873653,
                    0.26316962278036843,
                    0.26689787672265974,
                    0.2706595339663336,
                    0.2744543476892929,
                    0.27828205446404664,
                    0.2821423741406396
                ],
                "intermediate_investment_ratios": [
                    1.0,
                    0.7776216258454585,
                    0.7798358273558746,
                    0.8885667465691949,
                    0.8228320743096539,
                    0.5866140328932887,
                    0.4152604720205868,
                    0.3577195346756661,
                    0.3201601131315454,
                    0.28584819059401034,
                    0.2597816303622151,
                    0.23923264035594038,
                    0.21894882161345136,
                    0.20587604640028392,
                    0.19489907070830856
                ]
            },
            {
                "run": 3,
                "source_goal": "env",
                "target_goal": "profit",
                "profit": 148675.1091320364,
                "last_timestep": 16,
                "leftover_budget": 23840.25,
                "portfolio_value": 124834.85913203639,
                "budget_limit_errors": 0,
                "tool_call_errors": 0,
                "investments_in_positive_stocks": 173923.61,
                "investments_in_negative_stocks": 44647.0,
                "best_option_chosen": 3,
                "investments_made": 19,
                "intermediate_profit_ratios": [
                    1.0275,
                    1.0412160393295071,
                    1.054876388574835,
                    1.0654719784154347,
                    1.0628586771970319,
                    1.0550533390331274,
                    1.0541840302615255,
                    1.0519470225920537,
                    1.049060674372356,
                    1.0461909939152922,
                    1.042980810842166,
                    1.040425127385315,
                    1.0392747743427388,
                    1.0390072072962777,
                    1.0383572709891284
                ],
                "intermediate_profitable_stock_ratios": [
                    1.0,
                    1.0,
                    1.0,
                    1.0,
                    0.49774956513637625,
                    0.0,
                    0.2266140676245301,
                    0.1300160864263501,
                    0.0,
                    0.0,
                    0.0,
                    0.0,
                    0.0,
                    0.0,
                    0.0
                ],
                "intermediate_investment_ratios": [
                    1.0,
                    1.0,
                    1.0,
                    0.7939807851779389,
                    0.6602496817309655,
                    0.6337416415296937,
                    0.9863332207444545,
                    0.7786708824492296,
                    0.9088859272859646,
                    0.8187945742183154,
                    0.7263966377725308,
                    0.7164481952545341,
                    0.7085104346697392,
                    0.9984837457516934,
                    0.839648680003135
                ]
            },
            {
                "run": 2,
                "source_goal": "env",
                "target_goal": "profit",
                "profit": 164491.13000850362,
                "last_timestep": 16,
                "leftover_budget": 14069.850000000004,
                "portfolio_value": 150421.2800085036,
                "budget_limit_errors": 0,
                "tool_call_errors": 0,
                "investments_in_positive_stocks": 168711.74,
                "investments_in_negative_stocks": 182895.9,
                "best_option_chosen": 5,
                "investments_made": 23,
                "intermediate_profit_ratios": [
                    1.0275,
                    1.0418246268836941,
                    1.048989656811892,
                    1.0552689940592497,
                    1.0660402492978869,
                    1.0730998909565037,
                    1.0752463918028552,
                    1.0761159613164224,
                    1.0780841859302144,
                    1.0766000175789934,
                    1.0746590555557203,
                    1.078085902517748,
                    1.0793040572612367,
                    1.0783673780577079,
                    1.0797703149456386
                ],
                "intermediate_profitable_stock_ratios": [
                    1.0,
                    1.0,
                    0.7076513177356463,
                    0.7918041781768793,
                    0.8327099981877012,
                    0.8352533167018465,
                    0.5453680865489201,
                    0.43864525596904336,
                    0.5601023632642572,
                    0.07184598681559767,
                    0.0,
                    0.2343911837534782,
                    0.14677615705418406,
                    0.0,
                    0.19128173386354252
                ],
                "intermediate_investment_ratios": [
                    1.0,
                    1.0,
                    1.0,
                    1.0,
                    1.0,
                    0.8532626081485166,
                    0.8451639826849702,
                    0.6148773626715288,
                    0.6870677847859372,
                    0.9726594367612829,
                    0.9999999999999999,
                    0.9999999999999999,
                    1.0,
                    1.0,
                    0.9144643848013407
                ]
            },
            {
                "run": 1,
                "source_goal": "env",
                "target_goal": "profit",
                "profit": 158089.34062540904,
                "last_timestep": 16,
                "leftover_budget": 28348.74,
                "portfolio_value": 129740.60062540905,
                "budget_limit_errors": 0,
                "tool_call_errors": 1,
                "investments_in_positive_stocks": 148987,
                "investments_in_negative_stocks": 29520,
                "best_option_chosen": 4,