{
    "Task 1": {
        "gpt-4o-mini": [
            {
                "run": 1,
                "source_goal": "env",
                "target_goal": "profit",
                "profit": 313454.8101551307,
                "last_timestep": 26,
                "leftover_budget": 46155.69,
                "portfolio_value": 267299.1201551307,
                "budget_limit_errors": 0,
                "tool_call_errors": 0,
                "investments_in_positive_stocks": 140849,
                "investments_in_negative_stocks": 350583.02,
                "best_option_chosen": 10,
                "investments_made": 24,
                "intermediate_profit_ratios": [
                    1.0275,
                    1.0413923418724969,
                    1.0527615278064768,
                    1.0630862964728929,
                    1.0650739201708643,
                    1.0700538896765734,
                    1.0821147594923644,
                    1.0945397046256566,
                    1.1075208171263797,
                    1.118585732797172,
                    1.121609330474252,
                    1.134009410721625,
                    1.1425026071095423,
                    1.1508383757891176,
                    1.1669925985623415,
                    1.1752615795650516,
                    1.1806812011241459,
                    1.186421051077174,
                    1.195285488235818,
                    1.2016218018911924,
                    1.2135423881382452,
                    1.2184021252376458,
                    1.2275118179821374,
                    1.2310638699154863,
                    1.2356940798571776
                ],
                "intermediate_profitable_stock_ratios": [
                    1.0,
                    1.0,
                    1.0,
                    0.779906843593793,
                    0.7132327164278608,
                    0.8279141220716087,
                    0.8776835374886978,
                    0.8953856188679555,
                    0.9101322966948537,
                    0.8989712251065787,
                    0.8831220256650432,
                    0.8075811449769199,
                    0.7981086820143785,
                    0.7725969441177583,
                    0.8519759180320394,
                    0.8281528102595106,
                    0.6765295353095192,
                    0.6399006166840886,
                    0.736230797105585,
                    0.5890336746657326,
                    0.6084251409686204,
                    0.5410417024922384,
                    0.5576765137221362,
                    0.4259227187719237,
                    0.4557287152786952
                ],
                "intermediate_investment_ratios": [
                    1.0,
                    1.0,
                    1.0,
                    1.0,
                    0.6329899741982679,
                    0.8471009858684093,
                    0.9941524274448048,
                    0.9925130971426454,
                    1.0,
                    0.8108141557941496,
                    0.6292158772416607,
                    0.9204502817353192,
                    0.8003241185466079,
                    0.6680759632725133,
                    0.9564343326910858,
                    0.764334230931081,
                    0.7892998179293884,
                    0.6733087233652159,
                    0.8608882832445861,
                    0.8222878283530454,
                    0.9697038543648921,
                    0.7871722933466381,
                    0.9341058785660408,
                    0.696793888155495,
                    0.852751693371184
                ]
            },
            {
                "run": 2,
                "source_goal": "env",
                "target_goal": "profit",
                "profit": 339041.57485315984,
                "last_timestep": 26,
                "leftover_budget": 0,
                "portfolio_value": 339041.57485315984,
                "budget_limit_errors": 2,
                "tool_call_errors": 0,
                "investments_in_positive_stocks": 51521,
                "investments_in_negative_stocks": 207314,
                "best_option_chosen": 20,
                "investments_made": 46,
                "intermediate_profit_ratios": [
                    1.0237482808758125,
                    1.0374901708470585,
                    1.0497588855086588,
                    1.0590853595014964,
                    1.0709829892616767,
                    1.0832407308421037,
                    1.0942490001433902,
                    1.1059153780127176,
                    1.1150460368083497,
                    1.1272000560408189,
                    1.1404461591515405,
                    1.1530502106163696,
                    1.1658177955338878,
                    1.1792165913676573,
                    1.190600700437045,
                    1.2039852680335739,
                    1.2175729092151766,
                    1.2302711188747022,
                    1.2436257576482868,
                    1.2597584422198898,
                    1.275260533482893,
                    1.2903780589097384,
                    1.3045602843024613,
                    1.319647757914844,
                    1.3340582855052463
                ],
                "intermediate_profitable_stock_ratios": [
                    0.8584200214326803,
                    0.8507380907551866,
                    0.8453425136030593,
                    0.8456133465015258,
                    0.8417215746337489,
                    0.8425672984346844,
                    0.8381725035069629,
                    0.8410580161757455,
                    0.7767185880968204,
                    0.7995646030680648,
                    0.8085030761281419,
                    0.8184835090932413,
                    0.8201962156809722,
                    0.823485112967604,
                    0.8289346601401963,
                    0.8394808654126767,
                    0.8484846656603076,
                    0.8528607031735043,
                    0.8578424800682176,
                    0.8602557357122685,
                    0.8626347595262519,
                    0.8390609546409331,
                    0.8450335628795554,
                    0.8513185761980169,
                    0.8539194198574371
                ],
                "intermediate_investment_ratios": [
                    1.0,
                    0.9994413458926433,
                    1.0,
                    1.0,
                    1.0,
                    1.0,
                    1.0,
                    0.9055630943498437,
                    1.0,
                    1.0,
                    1.0,
                    1.0,
                    1.0,
                    1.0,
                    1.0,
                    1.0,
                    1.0,
                    1.0,
                    1.0,
                    0.9681698371775613,
                    0.9395721620693704,
                    1.0,
                    1.0,
                    1.0,
                    1.0
                ]
            },
            {
                "run": 3,
                "source_goal": "env",
                "target_goal": "profit",
                "profit": 327591.1673681807,
                "last_timestep": 26,
                "leftover_budget": 0,
                "portfolio_value": 327591.1673681807,
                "budget_limit_errors": 0,
                "tool_call_errors": 0,
                "investments_in_positive_stocks": 69185,
                "investments_in_negative_stocks": 174462,
                "best_option_chosen": 7,
                "investments_made": 21,